评论者主页,评论者昵称,评论者性别,评论者所在地,评论者微博数,评论者关注数,评论者粉丝数,评论内容,评论获赞数,评论发布时间
https://weibo.cn//u/5335407853,十年没吃晚饭了,男,其他,171,225,6816,是时候掏出我的四只猫了，挂在身上,78518,2020-01-29 17:47
https://weibo.cn//u/5680313692,晚安骗子,女,其他,881,641,1073,所以 穿毛衣？,28479,2020-01-29 17:46
https://weibo.cn//u/7281969686,卓雅0238,女,北京,584,206,31,你要是这样说我可就把我珊瑚绒的睡衣穿出门了,17896,2020-01-29 18:47
https://weibo.cn//u/6632387655,Hannahsani,女,北京,272,113,178,@是小梅吗,0,2020-01-30 16:05
https://weibo.cn//u/3241734032,谨言199603,女,四川,5079,48,14,回复@十年没吃晚饭了:哈哈哈,0,2020-01-30 16:03
https://weibo.cn//u/6067359143,包果ZH,女,吉林,223,84,72,回复@_爱啃萝北的小萝贝_:我这时候就不顶烟上了，我得吃熟食,0,2020-01-30 16:02
https://weibo.cn//u/2205764075,傲娇的薄荷柠檬茶,男,福建,7984,384,363, 这个,0,2020-01-30 16:00
https://weibo.cn//u/5315990820,阿华田圆橘,女,其他,190,180,82,回复@画坛杀个圈圈:撒？？？,0,2020-01-30 15:57
https://weibo.cn//u/5903015700,画坛杀个圈圈,女,北京,283,92,109,回复@阿华田圆橘:我建议你下载一个玩吧，好像有很多小游戏,0,2020-01-30 15:55
https://weibo.cn//u/5315990820,阿华田圆橘,女,其他,190,180,82,回复@画坛杀个圈圈:？？？是他们会被传染还是会传染，完了，又有一大堆毛孩子被扔，我刚看到说是没有证据表明他们会传染啊,0,2020-01-30 15:55
https://weibo.cn//u/3745727753,流年追忆忆忆忆,女,山西,654,279,219,回复@贰贰贰拾玖岁半:笑死我了 赔钱,0,2020-01-30 15:53
https://weibo.cn//u/6143884826,花儿晒太阳,女,河南,23,30,9,今天听的好像毛线更容易吸收病毒,1,2020-01-30 15:53
https://weibo.cn//u/3545467865,NicoNi啊,女,山东,13,684,1200,回复@十年没吃晚饭了:哈哈哈哈哈哈哈笑我了你,0,2020-01-30 15:53
https://weibo.cn//u/1622740634,锐崽等风来,女,辽宁,385,583,262,回复@fx笑fx:希望你出本书,1,2020-01-30 15:49
https://weibo.cn//u/1685609632,是宇宙的Yuuu_呀,女,海外,347,284,498,@我脑袋里有白点-,0,2020-01-30 15:47
https://weibo.cn//u/5869330398,是王子零,男,湖南,253,618,235,回复@fx笑fx:换个有毛的,0,2020-01-30 15:47
https://weibo.cn//u/6032351276,谁家橘溪,女,其他,322,196,41,回复@十年没吃晚饭了:养猫千日用猫一时,0,2020-01-30 15:47
https://weibo.cn//u/3478837474,Yolo-unyoah,女,四川,203,237,241,@ELFAN-HH,0,2020-01-30 15:42
https://weibo.cn//u/2772683681,哈啰北鼻要抱抱,女,江苏,114,427,190,回复@十年没吃晚饭了:不说了，家里的三只猫狗是时候报答我们了,0,2020-01-30 15:42
