微博id,发布者昵称,发布者性别,发布者地区,发布者关注数,发布者粉丝数,微博正文,发布时间,点赞数,转发数,评论数
J28pRfjlF,一匙糖水,男,其他,99,2240,一匙糖水:#陪伴的外刊笔记# DAY ①④Morning☀️Fighting✨每个人都有为梦想展翅的权利。所谓坚强，不过硬扛，熬过去了，整个世界都会和颜悦色。外刊：疫情下英国人民逐渐开始在家办公的现象~原因，发展及利弊~每一天都要开开心心的呀#studyaccount[超话]##大王背诵打卡[超话]#  [组图共6张] 原图 ,2020/5/16 6:10,8,0,2
J28ptkNeJ,遂川政法,男,江西,2404,14122,遂川政法:【#南非数千人排队领救济食物# 航拍视角下一眼望不到尽头】5月14日，南非数千民众两周内，第二次大排长队等待领取救济食物。当地居民正因疫情下严格的封锁措施处于挣扎中，有民众称，生活很艰难，只有饥饿。慈善组织分发约1万包食物以及消毒液等，工作人员组织民众，男女分开并间隔一米排队。@世面 http://t.cn/A6AeJTKQ http://t.cn/A6Aen30G ,2020/5/16 6:09,1,1,0
J29NelPpJ,周至法院,男,陕西,1250,28439,周至法院:#欧洲首个国家宣布疫情本地流行结束# 据新华社，当地时间14日晚，#斯洛文尼亚宣布新冠疫情本地流行结束#，但民众仍需遵守在室内公共场合佩戴口罩、保持社交距离等防疫措施。斯政府当天还宣布向欧盟国家开放边境。斯政府发布的公报显示，过去14天中该国新增确诊病例35例。斯洛文尼亚3月4日确诊首例新冠病例，3月12日宣布新冠疫情本地流行。截至5月14日，累计确诊1465例，累计死亡103例，29人仍在住院接受治疗。（人民日报） ,2020/5/16 9:41,6,0,6
J29MHfI1F,月湖发布,男,江西,109,1483,月湖发布:5月15日下午，出席政协鹰潭市月湖区第八届委员会第七次会议的的委员们，承载着全区人民的心声，肩负着百姓的重托，带着提案和社情民意，带着认真履职的责任和参政议政的热情，陆续向大会报到。    为应对新冠肺炎疫情，工作人员已提前为会场做好消毒工作。    报到现场，委员们提交个人健康档案表，工作人员登记、发证、取资料，有条不紊地忙碌着。整个大厅洋溢着一派民主和谐的热烈气氛。委员们纷纷表示，要紧紧围绕区委、区政府的中心工作，实事求是地反映社会热点、难点问题。 [组图共2张] 原图 ,2020/5/16 9:39,1,1,1
J29M6BUXt,留下现在的唯一,女,上海,332,325,留下现在的唯一:#丰巢在上海延长一个月免费使用期#没什么用，顶多就是把这件事这个时候先冷下来，一个月之后谁该关注，该收费还收费，延长18个小时也没用啊，又不是快递员都是早上放快递柜的，隔了一天早上要上班，哪有时间去拿快递。疫情期间小区不都自己搭了快递收货架，可以继续延续啊，不用丰巢不就好了。之前没有丰巢照常网购了不是了吗 ,2020/5/16 9:38,0,0,0
J2c0XucsI,BTV晚间新闻报道,男,北京,51,732378,BTV晚间新闻报道:【方舱医院创造“中国经验”】此次新冠疫情发生后，在一段时间里，武汉病人一度成井喷式激增，对于“应收尽收，应治尽治”提出了非常高的要求，床位压力极大。党中央果断作出建设方舱医院的决定，集中改造武汉市的体育场馆和会展中心，第一批4000张床位的方舱医院，仅仅用了29个小时就投入使用。创造了中国速度和中国经验。 http://t.cn/A6Agrp29 ,2020/5/16 15:20,0,0,0
J2bL2jAdq,烧烤烧烤烧,男,河北,27,32,烧烤烧烤烧:出来玩居然赚了五十块钱，带劲！刚到邢台下车时遇到一个大妈，跟我说了一句一路平安（方言），没听懂，问大妈你说啥，然后才听懂一路平安，退＊＊，退＊＊，保平安，吓得我跑路了船长：“扬帆，启航”水手：“走什么方向？”船长：“海贼需要什么方向！启航！启航！”假期结束！回撤！希望疫情赶紧结束想出省啊！ [组图共9张] 原图 ,2020/5/16 14:41,1,0,0
J2byy6Oo1,南海之声,男,北京,281,2116899,南海之声:【#疫情中制裁他国危害更大# 】国际法教授、前联合国人权事务委员会秘书阿尔弗雷德·德·萨亚斯：《国际卫生条例》规定各国应在国际公共卫生紧急事件宣布后互相配合执行抗疫措施。但美国不仅国内应对一团糟，还加紧制裁他国，导致受制裁国家人民无法及时获得必要的医疗物资，这已经构成危害人类罪。 http://t.cn/A6AD3LFE ,2020/5/16 14:10,2,2,0
J2byqq79r,HERMES的小窝,男,天津,11027,162060,HERMES的小窝:#上海部分线下培训18日起将分批恢复#【#上海部分线下培训18日起将分批恢复#】5月15日，上海市教委发布消息称，上海市面向18周岁以上成年人开展的各类线下培训服务除密闭空间外，在室外场所面向未成年人开展的各类培训服务，符合相应行业主管部门提出的疫情防控要求，并向行业主管部门备案承诺或经其检查合格后，可于5月18日起恢复线下服务。@新京报我们视频 http://t.cn/A6AetBCr ,2020/5/16 14:10,0,0,2
J2byoDtlL,杭州交通918,女,浙江,428,2089004,杭州交通918:【不仅小朋友会忘记！成都一#大学生假期结束认错辅导员#】由于疫情原因，小朋友们在家已经待了好几个月，等到学校开学，很多小朋友认不出自己的班主任。不过这个情况不止发生在小朋友们的身上。成都文理学院的一名大学生，在经历了4个月的假期后，竟然也认错了自己的辅导员。@燃新闻http://t.cn/A6AeYfMR ,2020/5/16 14:10,2,0,0
J2bxwcA6B,湖北经典音乐广播,男,湖北,317,180307,"湖北经典音乐广播:【#我在武汉流过泪#】新冠肺炎疫情暴发后，众多新闻记者逆行武汉。访医院、进社区……他们秉持职业操守,走遍了战疫一线的每一个角落。然而，新闻记者也是普通人，有人在出发前特意将银行卡密码留给家人；有人在医院采访后发烧，承受巨大的心理压力；有人访问医护人员时,因感同身受而一起落泪……有犹豫，也有挣扎，但他们最终义无反顾履行职责，甚至忘记了危险。由此，“至暗时刻”何尝不是“高光瞬间”？这里记录了他们在武汉的故事，一路艰辛伴着收获，即便哭过又如何？@中新视频 http://t.cn/A6ADFBcr ",2020/5/16 14:07,0,0,0
J2bulbR5A,参考消息,男,北京,136,13536194,参考消息:【专业知识受到可悲排挤 #美政府让科学“靠边站”拖累抗疫#】外媒称，卫生专家的存在并没有阻止特朗普发表一系列不准确且具有潜在危险性的言论。在新冠疫情——100年以来最严重的公共卫生突发事件——期间，美国CDC作为应对疫情的门面的形象几乎完全被特朗普政府抹去。据CDC一些工作人员说，合作和公开对话的方式已经被沉默和对遭到特朗普政府报复的担心所取代。CDC的负责人罗伯特·雷德菲尔德承认，新冠疫情已使美国“不堪重负”，而今年晚些时候还将出现“艰难的”第二波疫情。http://t.cn/A6AkvS90 原图 ,2020/5/16 14:00,36,18,6
J2bu4jp7E,小7-九九-qian,女,广东,135,358,小7-九九-qian:#美国超千万猪或将被安乐死# 所以基本的人工还是要有的 都退化了，一旦中间一个环节暂停了 整个产业链都死掉了。至少在我们乡下 杀猪是人工手动的 反正想不明白 牛奶工人无法消毒就算了； 那猪安乐死损失得多大 何不人工宰杀 再说他们现在肉价也高涨 怎样也可以赚回人工费吧 只要肉质检测那边还没停工那都可以送去检测再出售！这样下去真是他们自己玩死自己 疫情不结束如果长时间下去各种食物之后越来越短缺，还自己根源上决断那真是自掘坟墓了。种植的销毁 养殖的安乐死。没工作没收入，食物短缺而高涨价格。那年底他们喝西北风吗 ,2020/5/16 13:59,0,0,0
J2btGkioC,临沂市民云,男,山东,261,164,临沂市民云:#临沂# #临沂新闻# 根据我市疫情防控工作形势以及复工复产工作要求，经市交通运输局批准，定于2020年5月16日恢复K3路、K22路、K23路、K29路、K52路、K85路、K105路、K106路、K109路、K117路、K128路、K209路、K216路、K217路、K218路、K219路十六条公交线路运营。恢复的线路1.K3路（水榭华庭-义堂换乘中心）2.K22路（人民公园-临沂市高级财经学校）3.K23路（公交集团-临沂卫生学校）4.K29路（义堂党委-人民广场北）5.K52路（长途汽车站换乘中心-涑河南村）6.K85路（长途汽车站换乘中心-车管所）7.K105（火车站-刘家道口桥）8.K106路（潍柴英致汽车4S店-义堂换乘中心）9.K109路（解放路换乘中心-山北头）10.K117路（解放路换乘中心-模具产业园）11.K128路（火车站-沂花湾水上世界）12.K209路（临沂国际会展中心-禹王城）13.K216路（伦达国贸城-经开区环线）14.K217路（临沂国际会展中心-相庄）15.K218路(开发区换乘中心-小墩)16.K219路（开发区换乘中心-彭古）具体线路车辆运营信息请下载掌上公交APP进行查询。 (via:今日头条.临沂住房网) #临沂[地点]# ,2020/5/16 13:58,0,0,0
J2btonorX,是冬雪雪冬小大寒的居小暑呀,男,江苏,273,45,是冬雪雪冬小大寒的居小暑呀:可能是咱兔的疫情最糟糕的时候过去了吧，搜索湖北武汉各种疫情相关，底下出来的全是明星，各式各样的明星。一张有用的照片都没有。所以当初我为啥不存一些图……现在啥也找不到，做个毛线作业。但很多的视频，还是很好哭，一边找一边哭，但是！！！这些视频是怎么做的这么好的呢！！！flash要怎么搞啊啊啊啊啊啊 ,2020/5/16 13:57,0,0,3
J2ctZomuM,山猫篮球直播,男,重庆,76,50977,山猫篮球直播:疫情影响之下导致#NBA# 赛季从3月中旬起就停摆至今，勇士球星柯瑞（Stephen Curry）就透露，当然他也会抱怨疫情给自己带来冲击，但妻子艾耶莎（Ayesha Curry）总能带来正向思考，且自己也必须扮演好父亲角色。「要自怨自艾很容易，我也发现自己常低声埋怨，或者对我老婆吐苦水，但她会说，『嘿，事情很可能会更糟，你该想想从中可以学到什么，不管是关系经营，还是你在这世界想成为怎样的人，或哪些人是你真正觉得重要的』」，柯瑞分享。 [组图共3张] 原图 ,2020/5/16 16:31,0,0,0
J2ctAsWCE,健康武汉官微,女,其他,4,55132,健康武汉官微:【2020年5月15日湖北省新冠肺炎疫情情况】      2020年5月15日0—24时，全省新增新冠肺炎确诊病例0例，无境外输入病例。      截至2020年5月15日24时，全省现有确诊病例6例（均为武汉市），其中重症1例、危重症1例，现有疑似病例0例。      全省累计报告新冠肺炎确诊病例68134例，其中：武汉市50339例、孝感市3518例、黄冈市2907例、荆州市1580例、鄂州市1394例、随州市1307例、襄阳市1175例、黄石市1015例、宜昌市931例、荆门市928例、咸宁市836例、十堰市672例、仙桃市575例、天门市496例、恩施州252例、潜江市198例、神农架林区11例。      全省累计治愈出院63616例，其中：武汉市46464例、孝感市3389例、黄冈市2782例、荆州市1528例、鄂州市1335例、随州市1262例、襄阳市1135例、黄石市976例、宜昌市894例、荆门市887例、咸宁市821例、十堰市664例、仙桃市553例、天门市481例、恩施州245例、潜江市189例、神农架林区11例。       全省累计病亡4512例，其中：武汉市3869例、孝感市129例、黄冈市125例、鄂州市59例、荆州市52例、随州市45例、荆门市41例、襄阳市40例、黄石市39例、宜昌市37例、仙桃市22例、咸宁市15例、天门市15例、潜江市9例、十堰市8例、恩施州7例、神农架林区0例。      全省累计追踪密切接触者283405人，尚在接受医学观察763人。      5月15日，全省新增无症状感染者10例，转确诊0例，解除隔离63例，尚在医学观察的无症状感染者439例。     （来源：湖北省卫生健康委员会官网，5月16日） ,2020/5/16 16:30,13,1,6
J2ctjFdws,不见的跌,男,江西,6,2,不见的跌:举国之力，万众之心，实是令人感动，一方有难，八方支援，民族凝聚力震撼人心·，从武汉封城以来，全国人民为之牵挂，生活物资陆：大米，白菜，土豆黄瓜等，成吨陆续从山东，湖南，四川，广东，贵州，陆续支援武汉。医疗物资短缺，全国上下捐赠蜂拥而至，海外华侨千万里外向国内捐赠，医疗人员主动请缨奔赴武汉。共同抗击疫情。中华民族生生不息，中华儿女团结一心，所以才有如此多可歌可泣的英雄的歌。 http://t.cn/R2WxY2f 显示地图 ,2020/5/16 16:30,0,0,0
J2csG6nPO,女侠西尔维亚,女,山东,42,8,女侠西尔维亚:最近很多家长担心国外疫情严重，会影响学生的上课质量和人身安全，问我是否应该延期一年再出国。我也在紧跟时事，时刻关注欧美澳三大洲的疫情动态。昨天看了新闻，英国现在已经超过意大利成为世界第四大感染人数国家，并且经济可能会走向300年来最严重崩溃，那么意向英国留学的学生是否要GAP一年呢？经济衰退，文化并不会衰退，并且在这种重大事件中，特别能体现出一个国家政府治理水平和民众自我判断和防范的水平。我遇到很多学生没有在大三大四把握好时机，导致已经毕业才准备出国，现在又要因为疫情继续等待。其实每一代人，每一年，都会有困难的情况出现，可能是天灾，可能是社会，也可能是我们个人造成的，最好的时机永远在前方，就是看不到等不到，只会在回首时才发现自己踏着历史的浪潮就这么冲了过来。我们总要学会和时代相处，同学们勇敢前行。 ,2020/5/16 16:28,1,0,0
J2crSr54o,牛神nddpg111,男,湖南,1132,601923,牛神nddpg111:#海南# 海南猪肉、蔬菜降价了。海口20家企业向全市农贸市场、超市、批发市场、便民疏导点的蔬菜猪肉销售的相关单位和种植养殖户发起倡议，自5月18日起至新冠肺炎疫情结束，执行新一轮倡议价格。和4月13日该市发起的倡议价格相比，此次白猪肉、黑猪肉倡议价格每斤再降1元。在倡议中提出，明码标价，不囤积居奇、不涨价，保证供应。 ,2020/5/16 16:26,0,0,4
J2crMhyYg,影响剧大,男,黑龙江,1043,446048,影响剧大:【国家卫健委：#我国核酸检测能力已达每日150万份# 】国家卫生健康委医政医管局监察专员郭燕红介绍，截至目前，每天核酸检测能力可达到150万份。随着复工复产还要进一步提高核酸检测能力。下一步一方面要加强二级以上医疗机构实验室建设，开展核酸检测；生物安全管理和实验室管理、医务人员培训上也要同步加强。#影响剧大[超话]# 这场疫情中，没有一个国家比中国做的更好。 http://t.cn/A6AkUOIO ,2020/5/16 16:26,0,0,0
J2crEx7UM,河北美术学院产品设计学院学生会,男,河北,188,2416,河北美术学院产品设计学院学生会:【不仅小朋友会忘记！成都一#大学生假期结束认错辅导员#】由于疫情原因，小朋友们在家已经待了好几个月，等到学校开学，很多小朋友认不出自己的班主任。不过这个情况不止发生在小朋友们的身上。成都文理学院的一名大学生，在经历了4个月的假期后，竟然也认错了自己的辅导员。@燃新闻 http://t.cn/A6AeYfMR ,2020/5/16 16:26,1,0,0
J2crwiT2b,从宇宙黑洞飞出火凤凰,男,四川,280,15681,从宇宙黑洞飞出火凤凰:【#挪威女总理和部长跳社交距离舞# 总理：虽然看着傻但是有趣】据外媒5月15日报道，受疫情原因影响，为庆祝挪威国庆日，挪威总理埃尔娜·索尔贝格和她的部长们在户外进行了一场大型社交距离舞蹈表演。索尔贝格表示，虽然看起来有点傻，但她觉得这很有趣。据悉，挪威将放宽接触限制措施，私人场所最多可允许20人聚集，该限制同样适用于体育运动。（沸点国际）http://t.cn/A6ADWOBN ,2020/5/16 16:25,0,0,0
J2crnqI1C,青年报,男,上海,669,1021117,青年报:【#挪威女总理和部长跳社交距离舞# 总理：虽然看着傻但是有趣】据外媒5月15日报道，受疫情原因影响，为庆祝挪威国庆日，挪威总理埃尔娜·索尔贝格和她的部长们在户外进行了一场大型社交距离舞蹈表演。索尔贝格表示，虽然看起来有点傻，但她觉得这很有趣。据悉，挪威将放宽接触限制措施，私人场所最多可允许20人聚集，该限制同样适用于体育运动。@沸点视频http://t.cn/A6AktwEm ,2020/5/16 16:25,0,0,1
J2crmfGSz,孙向东律师,男,海外,3097,4539,孙向东律师:菲律宾马尼拉华人爱心💗十慈善志愿者基金会团队在疫情升级中坚持捐款捐物为贫民提供救助，他们为上千户贫困户分装大米等食品，还要深入贫困社区为每家每户分发食品，他们不俱风险坚持近两个月之久，夜晚他们坚持为防疫军警执勤人员送快餐风雨无阻，他们把急需食品物资送到孤儿院及救助无家可归人员的教会修道院。把防护用品，消毒用品等及时送到医院，方舱医院。他们的大爱CCTV新闻频道、国际频道丶东南亚频道，菲律宾多个电视频道报道，有关国际媒体多次转播，真是大爱无疆，大爱洒满人间。 http://t.cn/8FUQ2rk 显示地图 [组图共9张] 原图 ,2020/5/16 16:25,0,1,0
J2cr6AU4b,又新1939,男,黑龙江,25,4,又新1939:咏战病毒英雄陈薇将军少将陈薇赴兑非，（1）平息埃博树华威。（2）神州“非典”疫苗制，（3）重组新冠夺宇魁。（4）注：（1）陈薇将军是中国工程院院士，她一直从事防控病毒研究。2003年，她48小时在实验室没合眼，研制出预防“非典”疫苗。2014年，西非暴发埃博拉疫情，大规模向外蔓延，引起全球恐慌。陈薇率队赴非洲，她研制出世界首个抗埃博拉病毒疫苗，控制了疫情。非洲人激动地将她抬起来，抛向空中，感人的场面有照片为证。兑非：西非。兑（dui四声）：《易经》中八卦图西方位。（2）埃博：即埃博拉疫情。华：中国。威：威望。（3）神州：中国的别称。（4）重组新冠：新冠肺炎疫苗。2020年3月16日晚，重组新冠肺炎疫苗研制成功，并获批准进入临床试验。宇魁：世界魁首。宇：宇宙，全世界。2020年3月22日 ,2020/5/16 16:24,0,0,0
J2cr35JeH,淮南检察,男,安徽,425,6530,淮南检察:#5岁男孩一次可做2000俯卧撑#【#5岁男孩花样俯卧撑一秒两个#，最多能做2000个】湖南浏阳的吴子兴今年五岁，由于好动，今年疫情期间，作为武术教练的父亲为他制定了训练计划。吴子兴在家苦练俯卧撑，甚至创新了两指俯卧撑、倒立俯卧撑等新式花样俯卧撑。父亲称，他现在一次性最多应该可以做2000个俯卧撑，一秒两个，一分钟可以做100多个。@大米Video http://t.cn/A6AencHA ,2020/5/16 16:24,5,0,6
J2cqN2m7J,有料,女,北京,299,1208759,有料:【国家出台措施保护你的“钱袋子” 涉及房贷、社保、失业多方面】眼下，除了关注疫情形势变化，大家也很关注自己的“钱袋子”，如：工资缩水房贷咋办？公司裁员失业咋办？最近，一系列相关保障政策，涉及房贷还款、奖金个税、社保缴纳、失业保险等多方面，一起来看看↓↓↓#财经有料#http://t.cn/A6hf7LCu ,2020/5/16 16:24,4,2,0
J2cqxqdnF,南昌航空大学青年志愿者协会,男,江西,230,875,南昌航空大学青年志愿者协会:#吉林新增2例本土病例##共抗疫情# 这一刻还是来了，在大家为武汉解封而庆祝时，境外输入，无症状感染，本土新增病例日渐上涨的消息频频传来。当我们在为开学做准备时，远在吉林的同学可能还在疫情的笼罩下。在这个特殊的时期，我们更应该24小时严阵以待，严守国门，严防境外新冠病毒的输入。隔离的是病毒，凝聚的是同心。吉林，我们在为你加油[加油][加油]小青希望如约而至的不仅仅是四季，还有疫情过后平安的你@南昌航空大学 @南昌航空大学学生会 @青春昌航 [组图共2张] 原图 ,2020/5/16 16:23,1,0,0
J2cqn2Ld1,七台河新闻官博,男,黑龙江,1039,99880,七台河新闻官博:#七台河今日要闻#【杨廷双在中国铁塔七台河市分公司调研】5月15日，市委书记杨廷双到中国铁塔股份有限公司七台河市分公司调研。杨廷双走进监控调度中心，认真听取相关设施及系统运营维护情况介绍。随后，杨廷双听取企业工作汇报，并与班子成员座谈交流。杨廷双对中国铁塔七台河市分公司为我市疫情防控工作及转型振兴发展作出的贡献表示感谢。他强调，要抢抓新一轮科技革命和产业变革历史机遇，坚持围绕全市转型振兴发展大局，践行国企责任担当，持续深化政企合作，助力经济社会高质量发展。要紧跟科技变革步伐，推进5G网络率先布局建设，持续提升城市品质。要聚焦经济社会发展需求，充分发挥自身优势，利用广泛分布的站址资源和先进技术手段，不断拓展业务范围，协调推进技术创新与应用开发，在产业发展、安全生产、环境保护、城市管理、民生服务等领域提供服务保障，加快推进“智慧城市”建设，为七台河转型振兴发展提供数字化、信息化支撑。  http://t.cn/A6Ak535h ,2020/5/16 16:23,3,0,0
J2cq2lvEf,每日经济新闻,男,上海,704,46938498,每日经济新闻:【抗疫新阶段 #意大利将补贴民众购买自行车#：最高补贴500欧元】参考消息网5月16日报道 据埃菲社罗马5月14日报道，意大利希望在抗击新冠病毒疫情的新阶段进一步推广自行车和电动踏板车等环保出行方式。为此，意大利政府已批准向购买自行车的民众提供高达自行车售价60%的补贴，最高补贴限额为500欧元。尽管这项补贴的有效期暂定持续到2020年底，但政府计划在到期后继续延长数年。　　意大利政府13日批准的财政援助法案中包括了这项“出行补贴”，补贴预算为1.2亿欧元，有效期至今年年底，所有人口超过5万的城市的居民都可享受此项补贴。除了普通自行车和电动自行车外，意大利人还可以购买各种无污染的交通工具，例如电动踏板车或电动平衡车。政府希望通过提供补贴的方式，鼓励意大利民众用可持续交通方式代替高污染交通方式。（yx） 原图 ,2020/5/16 16:22,37,9,8
J2cpOrl3h,泗县发布,男,安徽,421,25676,泗县发布:#教体动态#【大庄中学认真组织毕业生进行健康体检工作】5月15日，大庄中学认真组织2020届初三学生进行中考体育加试前健康体检。为顺利完成本次体检工作，校长刘纪高度重视，专门组织九年级班主任召开了体检工作会议，成立了体检工作领导小组，制定了详细的体检方案。为了做好疫情防控工作，本次体检以班为单位，每班十人一组，男女分开，班主任先对学生先进行体温检测，体温检测无异常后，方可依次有序参加体检。体检期间，学校领导、班主任、医务人员按时到岗，每个项目安排专人维持体检秩序，全程配合医生，体检工作紧张有序。在大庄中心医院体检医生和各工作人员的密切配合下，体检秩序良好，从测量身高、体重开始，然后进行内外科、血压、心电图、视力等检查，无一人漏检，圆满地完成了2020届中考体育加试前体检工作。（特邀主持：夏同军） [组图共5张] 原图 ,2020/5/16 16:21,2,3,2
J2bVMDxsp,民生面对面,男,山东,191,3534,民生面对面:【山东威海：强化口岸管控严防疫情境外输入】随着新冠肺炎疫情在全球多点爆发，”外防输入”成为当前疫情防控工作的重中之重，出入境口岸成为疫情防控的主战场。面对日益严峻的疫情防控形势，威海出入境边防检查站严密勤务组织、强化数据研判、加强联防联控，充分利用信息化手段开展大数据核查分析，精准研判船舶入出境动态轨迹，对来自疫情严重国家的船舶提前排查，并将排查结果及时通报口岸联检单位。http://t.cn/A6Ak24A1 原图 ,2020/5/16 15:07,0,0,0
J2bVJB8Bf,大理达人,男,云南,2286,100623,大理达人:【#美国卡车运新冠尸体消毒后运食品# FDA：有血液体液残留也没问题】美国当地时间5月13日，据《新闻周刊》报道，3月以来，纽约等疫情重灾地区将冷藏卡车用于存放和运输尸体。5月13日，美国食品药品监管局（FDA）发布指导手册，明确运尸卡车彻底清洁消毒后可运送食品。该指导意见并未事先征求公众意见，FDA称没有必要让公众预先参与。有网友评论“感到有点恶心！谁会用运尸车来存储食物。”@时间视频  http://t.cn/A6AeLxjk ,2020/5/16 15:07,0,0,0
J2bVvpPqt,少年壮志不言愁6666,女,吉林,225,304,少年壮志不言愁6666:#吉林疫情#戴口罩都有感染的可能！更何况不带口罩呢？更更何况我们国家现在不缺口罩！而且价格也不贵！更更更何况要是因为不带口罩感染了多不值得，更更更更何况一个口罩就能解决的的为啥就特么不带口罩，为啥要给国家添麻烦！我特么太生气了！就想着大家一起完蛋么？中国这么好我还不想死！草泥马的让你带个口罩要你命啊，能憋死你啊，那些医生护士天天带人家说啥了么！这种无知刁民气死我了！ ,2020/5/16 15:06,5,0,2
J2bV9zn3r,郑州铁路,男,河南,426,3731591,郑州铁路:【“拜拜，我想你”！#住校男孩和妈妈哽咽告别# 】近日，网上一段孩子和妈妈分别的视频让网友瞬间泪目。妈妈去看望住校儿子，离开时男孩哽咽着和妈妈告别。男孩的妈妈表示，因为疫情影响，学校规定所有学生都要住校，把孩子留在学校也是遵守规定。网友:“为小朋友的懂事点赞！”http://t.cn/A6AeTUYY @未来网 ,2020/5/16 15:06,2,0,0
J2bUYEVw5,bzjytl,女,湖南,90,77,bzjytl:因为疫情（bushi）因为不敢寄回家，裙子发货的时间一拖再拖，今天中午才终于拿到了，真的真的真的超好看！我已经被裙子美疯了！就只会说“怎么会有这么好看的裙子”！但是憨憨的我把裙子腰围报大了，导致我为爱膨胀都不能穿！没错，我是憨憨！想看看有没有姐妹收了它！腰围66，臀围85，裙长95，21号色缎面，4.5米摆做的百褶，还有一堆余料！没有姐妹收的话我可以继续为爱膨胀！@裁云集传统服饰 还有，如果裙子没铺好一定是我的问题，我的错，不关裙子的事！ http://t.cn/R2WxRdx 显示地图 原图 ,2020/5/16 15:05,0,0,0
J2bUWfN1T,GiinkMagicFun改魔力工作室,女,四川,138,1556,GiinkMagicFun改魔力工作室:我妈说，你每天要吃鸡蛋和牛奶，然后给了我一包超市打折买的面包片。所以，早餐是黑胡椒煎鸡蛋/黄油吐司片。午餐是牛油蘑菇汤煮土豆粉配藤藤菜。这几天我在果阿住过的一个客栈老板在分享他疫情期间的美食，有酸奶/掐爬梯/萨摩撒/各种咖喱汤和咖喱粉。。。没有蔬菜😂。。。。这也是我住在他客栈时的常规菜谱(印度人的传统菜谱)，记得他做的烤鸡很好吃，还有蘑菇，他是不错的bossboss，他还有一辆车😃。。。而在果阿另外一个客栈还认识了一个印度人，他看起来像是没有工作的样子，四十左右的年纪戴一顶很搞笑的hip hop帽子，我们在客栈的公共厨房碰到，在一个盘子里有他的午饭，煮鸡蛋/一个水果和一包饼干(没拆封的饼干放在盘子里，很奇怪的感觉)😂他说的话我不太听的懂，是变了调的宝莱坞英文，语速很快，让我惭愧我的英文词量太少了吧😓。。。。anyway，食物是人类需求的第一层，之后才能谈到社交以及被尊重的需求。我们吃的食物组成了我们，所以，我们的食物就是我们。这个很哲学。 http://t.cn/Rcrp30S 显示地图 [组图共6张] 原图 ,2020/5/16 15:05,0,0,0
J2bUTojqh,龙车PJ58,男,陕西,31,1,龙车PJ58:【抗击疫情，笔墨书情】         山川异域，风月同天。庚子之春，抗击疫情的非常时期，人们都以不同的方式表达心声！        西安 书法艺术爱好者、金话筒主持人庞  军👦🏻以深情的笔墨作品✍️抒发内心的情感，凝聚对抗疫一线奋战中的各类人员的关切和致敬！因为：青山一道同云雨，明月何曾是两乡。🙏🙏🙏[爱心][爱心][爱心] [组图共9张] 原图 ,2020/5/16 15:05,0,0,0
J2bUL826V,吉林大酱缸,男,吉林,209,7014,吉林大酱缸:#吉林同城##吉林身边事##吉林爆料# 紧急通知各科室、各部门：我院普通外科一疗区护士胡某彤今日被确诊为新冠肺炎，属社区感染。上级各部门高度重视，社会广泛关注。我院已经按照各级疾控部门的要求采取相应防控措施。现按照省卫健委要求将具体工作通知如下：1.停止收治住院患者，在院患者只出不进（包括陪患）。2.门急诊照常开诊。接诊时须首先告知患者不能入院。3.本院职工、患者及陪患按照要求进行核酸检测。现住院患者及陪患须有3日内核酸检测阴性结果方可出院。4.根据目前我院疫情防控形势，医院领导小组研究决定：即日起各科室、各部门合理安排值守人员，确保医疗质量与安全，做好自身防护，杜绝非工作接触，保证医院正常运转。 北华大学附属医院新型冠状病毒肺炎疫情防控与医疗救治领导小组2020年5月16日 原图 ,2020/5/16 15:05,1,1,0
J2bUt4nct,岭城气象台,男,吉林,66,11,岭城气象台:长岭县气象台2020年05月16日15时发布短期天气预报：今天夜间到明天白天：小雨转中雨，西南风2到3级，最低气温13度，最高气温18度。明天夜间到后天白天：多云，西南风2到3级，最低气温8度，最高气温20度。18日夜间到19日白天：晴，东风2到3级，最低气温11度，最高气温16度。                                                   火险3级                                                            万众一心，众志成城！防控疫情：少出门、戴口罩、勤洗手、常通风、不聚会、不串门、不走亲、不访友实时数据：http://t.cn/A6PnbwiV ,2020/5/16 15:04,0,0,0
J2bSRbJvk,雪梨妹_cheryl,女,广东,391,401,雪梨妹_cheryl:以前的微博就像原先的QQ和现在的微信，现在对我来说却成了刷八卦和鲜少发表心情的地方。偶尔有自己的一方天地，却也不失是个好居所。心情不好也不坏，太多事情的发展，并不想去控制或者反击了，浑浑噩噩过日子，有一天是一天，成了目前自认为心安理得的活法。就像是一人吃饱，全家不饿。积极心好像随着这场疫情被打败的一塌涂地。发现自己再也不想认真努力，没有勇往直前的心态，就想着随波逐流，得过且过。然而感觉自己的能力仅限如此了！ 原图 ,2020/5/16 15:00,0,0,0
J2bSQeIP0,淮北师范大学信息学院团委,男,安徽,483,2655,淮北师范大学信息学院团委:#淮北师范大学信息学院[超话]##团妹爱分享#     【首部武汉战“疫”全景纪录片，来了！】《英雄之城》一部感天动地的中国抗“疫”群英谱，新华社记者勇闯“红区” 60多位记者“疫”线拍摄。在武汉——这座#英雄之城# ，每个人都在努力做对的事，以他们的真心、无畏、正直和同情，助力打赢这场疫情防控的人民战争。英雄的城市因有英雄的人民，向英雄致敬！文：微博图：付妮审核：张宇婷 [组图共3张] 原图 ,2020/5/16 15:00,2,0,0
J2bSIiIPY,第一时间,男,北京,448,13315570,第一时间:【#英国卫生大臣称英国疫情高峰已结束#】据英国卫生部当地时间15日下午发布的数据显示，#英国单日新增新冠肺炎确诊病例3560例#，累计确诊病例达236711例；单日新增死亡病例384例，累计达33998例。英国卫生大臣汉考克在15日下午的英国疫情发布会上表示，因新冠肺炎死亡的新增病例呈逐日下降的趋势，可以确定英国的疫情高峰已经结束，英国政府本周追加6亿英镑拨款用于应对护理机构疫情。 http://t.cn/A6AkAI8R ,2020/5/16 15:00,4,3,1
J2bSHqq6V,南京晨报,男,江苏,1537,2140307,南京晨报:【#国际奥委会将承担8亿美元东京奥运延期费#】14日，国际奥委会主席巴赫介绍，国际奥委会将承担8亿美元因东京奥运会推迟所产生的额外费用。费用将分两部分使用，其中6.5亿美元将作为奥运会推迟所造成的额外赛事组织费用，1.5亿美元将用来帮助各体育组织渡过财政危机。此前，受疫情影响，#东京奥运确定2021年举办#。by央视新闻 http://t.cn/A6Ag3gIS ,2020/5/16 15:00,1,0,0
J2bSHpoBw,海报新闻,女,其他,300,377606,海报新闻:【不仅小朋友会忘记！成都一#大学生假期结束认错辅导员#】由于疫情原因，小朋友们在家已经待了好几个月，等到学校开学，很多小朋友认不出自己的班主任。不过这个情况不止发生在小朋友们的身上。成都文理学院的一名大学生，在经历了4个月的假期后，竟然也认错了自己的辅导员。@燃新闻  http://t.cn/A6AeYfMR ,2020/5/16 15:00,0,0,0
J2bSHo2ye,jungceylon,男,海外,311,11742,jungceylon:江西冷恢复营业通知📢2020年3月24日，由于新型冠状病毒肺炎疫情的影响，为了防止新冠疫情传播与更好地保护江西冷的顾客和员工，我们暂时关闭了购物中心。现在这难过的情况已经好转，我们想通知您江西冷购物中心将于5月17日再次全面开放营业，营业时间是11.00 - 20.00 江西冷欢迎光临！#泰国·Jungceylon# 原图 ,2020/5/16 15:00,1,0,0
J2bSHn7DE,体育娘,女,河南,163,1070219,体育娘:【内马尔也开始多人运动？厨师暴露内马尔疑似违规家中开派对】由于新冠病毒疫情，本赛季的法甲联赛已经提前结束，效力于巴黎圣日耳曼的内马尔在一个多月前就返回了祖国巴西。不过内马尔在巴西却再次涉嫌违反防疫规则，这次是内马尔的厨师在网络直播中不慎泄露，但是随后内马尔的发言人对此予以否认，并在社交媒体上发布了他在家中的训练照片。内马尔一家真的是贵圈真乱#吐槽个球##足球##体育迷失恋33天# [组图共2张] 原图 ,2020/5/16 15:00,124,57,54
J2bSADz05,了然行者,男,北京,2284,6918,了然行者:1、航空股直接因素是新冠疫情，并且新冠病毒已经不是一个短期扰动，三、五年都有可能，航空股的基本面恶化也不会是短周期结束，更重要的因素是逆全球化趋势。2、金融股面临的现实问题是经济衰退，最致命的是科技创新，未来持牌金融机构应该属于金融基础设施提供商，类似于当前的中国移动等电信基础设施提供商，消费者在各个app活跃并完成各种服务。无论C端、B端的金融服务都会场景化，传统金融服务模式将被颠覆，传统金融机构能够有通信公司当前的地位就不错了。同时技术的成熟与普惠会弱化传统信用中介的作用，资金成本不断降低、利差不断缩小，传统金融中介的商业模式面临冲击。3、不用怀疑人任何时间都需要消费，基本的粮食、生活物资都是工业化大规模制造，市场竞争力在于品牌溢价。4、对于需要穿越历史与周期的长期投资者来说、没有择时，短期的20、30%对于分散投资影响不会很大，长周期看也就是个小水滴。最重要的是认错止损，无论是买入、还是卖出，对于一个优秀的公司股价永远不会高到无法买入，同样对于一家垃圾公司也不会跌到不值得卖出的地步。 ,2020/5/16 14:59,1,0,0
J2bSdjzhg,沂蒙小米儿,女,山东,518,262,沂蒙小米儿:周六，临时起意，出去走走一到院东头，我们便走走停停。从车上下来，空气都带着淡淡的青草香气，让你不由得闭上眼睛，贪婪得深吸一口。河边戏水的孩子们，在爸爸妈妈的陪伴下撒着欢儿。河里“冲天柱”孤零零的只管喷涌，散落的水花偶尔吹到脸上，凉爽爽的，好一个舒服。眼前的绿色及木栈道的强烈吸引，你会禁不住地过去一探究竟，山坡上绿树掩映下的几间玻璃房，走近一看，原来是因疫情尚未开放的茶室。如果没有疫情，可能真会进去坐下来，听小河流水、品一杯香茗、静一静那颗浮躁的心……继续往西、往北，沿着乡镇公路，绕过不知名的山，一圈下来，虽没走多少路，却也头昏脑胀起来。兴致勃勃地来，精疲力尽地归。 http://t.cn/RJ2I0zF 显示地图 [组图共9张] 原图 ,2020/5/16 14:58,1,0,0
J2bRWqC8K,中国网国情中心,男,北京,214,569274,中国网国情中心:【吉林省委决定：#舒兰市委书记换人# ！】吉林省委决定，吉林市副市长张静辉兼任舒兰市委书记；免去李鹏飞同志舒兰市委书记职务。近期，以舒兰市为起点的疫情传播链牵动全国的关注。截至14日24时，已造成29人确诊，包括吉林市下辖舒兰市16人、丰满区9人、船营区1人，以及辽宁省沈阳市3人。目前，舒兰是全国唯一的高风险地区。为防止疫情进一步扩散，吉林、辽宁两省已有超过8000人被隔离。  http://t.cn/A6AkALjg ,2020/5/16 14:58,2,0,0
J2bRSBmA9,南昌新建发布,男,江西,523,97719,南昌新建发布:#这里是江西# 【江西推出多项举措支持铜产业发展】对资金需求量大的重点铜企业，可根据实际情况突破贷款额度限制；对中小微铜企业到期贷款可延期并免收罚息……江西省日前出台支持铜产业稳定发展的16项政策措施，帮助企业应对铜价下跌、订单减少、资金紧张、原材料供应不足等困难。新冠肺炎疫情发生后，江西省铜产业受到影响。江西省出台《关于支持铜产业稳定发展若干政策措施》，从推动产业升级、强化财税支持、深化金融扶持、优化发展环境等方面推出了具体举措。http://t.cn/A6ADX57d ,2020/5/16 14:58,2,8,7
J2bRtteM1,中天電視官方NEWS,男,台湾,255,439016,中天電視官方NEWS:【扮穷诈领1万纾困金　台南富男有房有地有股票还有400万存款 】台南市1名50多岁男子7日向北区区公所申请，自称每天发传单工作受疫情影响，申请领1万元的政府纾困金，经查证竟发现他不仅存款达400万元，还有房屋、土地各一笔，另投资22家不同股票公司，共有151笔面值的股票，光股利就有22万，近日将他申请案退件。那么有钱还要去抢补助？！更多详情：http://t.cn/A6AkAPeK 原图 ,2020/5/16 14:57,3,0,1
J2bRs3o5s,URNOTWLL,女,上海,287,95,URNOTWLL:#娱乐圈对男明星更宽容吗# 废话，这还用说吗？看看lxl和mr被骂成啥样子，再看看陈赫。还有很久之前李易峰肇事逃逸周杰伦骂公安现在谁还提呀？哪件事情换成女明星都会被骂出圈甚至抑郁症吧。再看看现在明星的颜值，男生只要不歪瓜裂枣就是帅哥，而漂亮的姐姐妹妹一大把却被骂整容脸网红脸没有特色？？？是是是，就你丑的有特点。 http://t.cn/A6ARcLfm ,2020/5/16 14:56,14,0,28
J2bRobrND,小猪猪总也睡不饱,女,湖北,162,554,小猪猪总也睡不饱:#我的学生是逗比# 疫情期间，家长最头疼的就是孩子的手机问题了吧。有学生偷偷通宵打游戏的，有半夜躲在被窝里看漫画的，有听着一对一网课还津津有味和同学聊着天儿的，还有作业帮解决作业难题的……昨天半夜家长发语音分享的哭笑不得小故事，娃拿手机抄英语笔记做作业，妈妈烦死了，一边没收一边训斥：“每天就知道抱个手机！像救命稻草！”孩子蔫头巴脑趴在桌上小声反驳：“是啊，你连人家的救命稻草都要拿走，完全就是个杀人犯”嘿，这小破孩，这时候反应还挺快 原图 ,2020/5/16 14:56,0,0,0
J2bRld3AZ,德阳茶人,男,四川,2003,11396,德阳茶人:【你以为随地吐痰只是不文明？#痰液也可传播疾病#】在街边垃圾桶、人行道地面上随处可见斑斑点点的痰迹。就算疫情之下也仍然有人摘下口罩随地吐痰。而随地吐痰不仅仅是不文明这么简单！有一些疾病的患者可以通过痰液把体内的致病菌带出体外，形成新的感染源......#全国首部规范随地吐痰行为法规##山西规定随地吐痰最高可罚500元#http://t.cn/A6AkZd0F请讲文明 ,2020/5/16 14:56,0,0,0
J2bQW6mde,一木菩提625,男,北京,439,1,一木菩提625:美国将华为加入实体清单一周年之际，BIS又新增了对华为的出口限制：       新规直接瞄准任何使用到美国技术的对华为出口的产品，直接点名半导体行业，不同的是要求所有涉及相关产品对华为出口企业，均需要向BIS提出申请许可；倒逼华为全球供应商，如果继续跟华为做生意，就需要向美国申请       这完全不符合现行的国际贸易规则，我国政府一定会据理力争，如果任何一家供应商按照BIS的新规，很可能进入我国非诚信企业名单，进而失去中国的市场。由于疫情导致全球贸易萎缩，战胜疫情是综合国力的体现，也能迅速恢复经济秩序与发展，加深产业化纵向深度；而美国此次疫情给企业造成的损失不计，这点全球供应链企业一定会权衡考虑利弊美国此次新规发布前，宣布了未来4年的5nm晶元厂投资计划，总规模达120亿美元，为的是稳定对美半导体企业的相信，可能是TSMC与美国私下达成的抽屉协议       接下来的几个月时间就是全球供应链的站边押注了       对于普通投资者来说，需要暂时观望，毕竟上一次芯片爆发有一季度报的业绩支持，企业估值的逻辑本质不变：现金流+预期回报率，如果真要支持国产芯片行业、做点儿贡献，买点儿产品吧，毕竟真心好用 ,2020/5/16 14:55,0,0,0
J2bQTnjio,无锡博报,男,江苏,1466,301531,无锡博报:【#民航单日飞行班次回升破万#，#民航单日飞行班次恢复至疫情前约60%#】5月15日，民航单日飞行班次达10262班，恢复至疫情前约60%。这是自2月1日以来，民航单日飞行班次首次回升破万。 受疫情影响，自1月23日起民航旅客运输量和航班量急剧下降。2月13日，民航单日飞行跌至最低谷，约为正常时期的23%。随着我国疫情防控形势的好转，2月下旬起民航运输逐步恢复。其中，3月份日均飞行班次6538班，4月份日均飞行班次6950班，5月以来日均班次8900班。@人民日报 原图 ,2020/5/16 14:55,5,0,0
J2bQREI05,袁梓琴,女,广东,293,831,袁梓琴:《倍受鼓舞》      每次看到祖籍河南，现在定居日本东京的画家，原来以教画为生，王郁老师的朋友圈。     看到她在这个平台，为家庭打造了两条管道收入，所带来不因疫情影响，高枕无忧的美好生活，都不由得倍受鼓舞。      就觉得有十足的把握，完全可以把这样美好，能照进现实的生活方式，分享给有远见，有见识的千家万户，实实在在地惠及，普罗大众的日常生活。 http://t.cn/RyhMHBm 显示地图 [组图共9张] 原图 ,2020/5/16 14:55,0,0,0
J2bQGaBY5,颜墨迹2020,女,其他,53,3,颜墨迹2020:在2020年里发生了一件让人难忘又感人肺腑的事－新型冠状病毒席卷全球。那么它首先发生在我国，对我国有着严峻的考验。为了人民的生命安全我国付出了很大的代价，从各个方面都有所影响尤其是我国的经济。各产业停止生产的流水线，不过还好我国控制住了疫情随后开始了复工复产小伙伴们还在为挣钱的事而烦恼的话请点击哦#合众网盟手机赚钱# 原图 ,2020/5/16 14:55,0,0,0
J2bQ1BL1C,花朵财经,男,北京,290,614748,花朵财经:【朱民：疫情冲击下 #中国股市的表现优于世界上所有股市#】在2020#清华五道口全球金融论坛#上，IMF原副总裁朱民表示，面对疫情的冲击，中国股市的表现优于世界上所有的股市。主要是由于中国进入疫情较早，所以央行2月份就开始提供流动性，流动性在市场是充裕的，企业也就稳住了。然后是中国大规模的财政支持、货币政策支持复工复产。不过，中国股市是世界股市的一部分，当世界股市面临继续波动和调整的时候，中国股市也会有波动和调整。 原图 ,2020/5/16 14:53,0,0,2
J2bPZ0XZu,山西共青团,男,山西,767,937907,山西共青团:【#美国超千万猪或将被安乐死#】近日，据美国猪肉生产商委员会报告，由于肉类加工厂长期关闭，至今年9月上千万头猪或将被实施安乐死。部分养猪户开始喂黄豆壳粉，以求能够减缓猪的生长速度。(为什么美国人宁可给猪安乐死，也不送给穷人？背后的真相经济原理和产业链奥秘是... ) 来源:http://t.cn/A6wk2rIM ,2020/5/16 14:53,3,1,1
J2bPJlLAc,妞包酱,女,上海,111,8,妞包酱:#上海地铁安检投诉[超话]# 5月16日13:55左右，海伦路地铁站1号口安检处，安检人员（男，身材较胖）态度恶劣，不听乘客解释，在乘客已主动开包接受安检（包为小包，且里面只有钱包、工牌、口红），强行阻拦乘客通过。考虑到疫情期间安检设备会增加病毒传播可能，因此乘客选择将包内仅有的物件拿出给安检人员查看，但是安检人员完全不予理会，一意孤行，强行要求过机，耽误乘客时间，严重缺乏地铁乘务人员的服务意识。而且根据地铁安检工作便民措施，主动开包检查的乘客，在目光检测后快速通过，该民安检人员未按照便民措施履行，缺乏职业素养。本人强烈投诉该民安检人员，要求加强安检人员管理，对于疫情特殊时期、小包且物件极少、主动开包的情况，开包安检即可。@上海地铁shmetro 原图 ,2020/5/16 14:52,3,0,2
J2bOVmLiY,修成才,男,吉林,467,6047,修成才:出去看看，顺便购个物，听网上说，现在吉林市也挺紧张。嘿，是TM相当紧张！大周六，主要街道人流车流锐减，虽然比春节后整体要好一点，但好像检查更严了，各小区，大型商超都要严格体温筛查。超市没有健康码还不让进，我就没有，还真就不能进。因为我是舒兰人，所以还要注册个国务健康码，我这2G手机不玩活儿啊，所以配合防控政策，开车回家了。检测女孩全副武装，一定挺热的。她说正常的吉林健康码就能进，舒兰和丰满的不行，高风险区，必须要有国务健康码。我倒不觉得是歧视，应该理解，疫情防控，也是没有更好的办法进行普遍排查病毒传播风险嘛，所以就只能暂时牺牲疫区户籍人员的短期社会权利，还是积极配合。这是我与方方的不同！开车回来的路上，我想起06年初到北京，那时候，晚上北京主要街道要查身份证和暂住证的，没有暂住证的，直接拉到顺义筛沙子。我是遇到过几次，不过查查身份证，登个记就完事儿了，还真没有特殊对待。但我北京的同事可是有模有样的劝我，说他们邻居晚上出去遛弯，没带身份证，地道的老北京也不好使，直接拉顺义筛两礼拜沙子。当时可把我们这些外地北漂给吓了一跳呢，后来明白，这小子是振我们外地人呢，哈哈。[呲牙][呲牙]疫情防控，关键是阻断病毒传播。所有直接或间接接触确诊者或疑似患者的，都应该进行严格的消毒消杀，不能有半点马虎。我们舒兰的问题，根源还是在防疫工作前线的人员，他们本来就最危险，必须要严格遵守防疫工作流程，领导更应该时刻监督，检查，督促。所以啊，我舒兰市委书记被撤职，不冤枉的，以示警醒吧！弄了个防雾霾口罩，好在脸够大，包裹的还挺严实！ http://t.cn/RyhCEk8 显示地图 [组图共6张] 原图 ,2020/5/16 14:50,12,0,13
J2bOUevdK,人民网海南视窗,男,海南,552,1248771,人民网海南视窗:【出发！#阳光海南岛 自驾游最好#五指山站生态雨林自驾游活动启动】随着国内疫情形势逐渐好转，海南旅游业也日渐升温。其中，自驾游空间私密性强、出游灵活性高，受到越来越多游客的欢迎。5月16日上午，“阳光海南岛，自驾游最好”五指山站生态雨林自驾游活动正式启动，三十辆车共百余名游客开启为期两天的五指山自驾之旅。详情http://t.cn/A6AkwcNe [组图共9张] 原图 ,2020/5/16 14:50,0,0,0
J2bNBx46n,青山在2018,男,湖北,170,177,青山在2018:睡眼惺忪，夫人跟我说，要去做核算检测。昨天网格群里，社区陶莎说，今天7:30开始，医护人员7点钟就会来做准备工作。我有点不想起床，身体倦怠，昨天还是拿着手机睡晚了。想了想，既然早晚都得做，那迟做不如早做，这样心里少一桩事。夫人先去，我洗漱完毕，也马上出门了。这个时候是6:50，小区里走动的人很少，疫情打断了忙碌的生活节奏，开启了慢时光，没有复工的人，这个时候，有一些还赖在床上。对面的旭辉大厦，相比较与昨天的喧闹，今早安静了许多，是的，我们出来得比较早，凤凰山脚下，传来小鸟清脆的鸣叫声，久违了，葱茏的凤凰山。莫道君行早，更有早行人，有人在早上六点就来排队了。夫人排在第五名，说是第五名，其实，每个人代表的是一个家庭，有的家庭成员等到快开始才来，理所当然地插队在前面。排在后面的居民朋友没有人提出异议，沉默意为着可以理解，也可以理解为无可奈何，谁又愿意去为这点小事情吵架呢。疫情没有结束，一家人同时出来排队，不是不可以，但没有必要啊，人多聚集，谁能保证，自己就不是无症状感染者，那还是会增大感染的风险。居民朋友比较理性，也能理解。因为昨天排队的人很多，直到晚上7:30都没有做完，医护人员说，也没有想到会有这么多人，最后是做核算的试纸都不够用了。吸取昨天的教训，今天增加了人手，查血的护士小姐姐有四位，做口咽拭子的有三位，虽然后面陆陆续续来排队的居民也很多，但秩序井然，感觉过程很快。今天还有感人一幕，一位89岁的太婆，拄着拐杖，带着小板凳来做核酸检查，没有家属陪同，大家把老人引导到最前面，社区工作人员搀扶着到检查台。因为在社区发布的统计小程序上，已经填过个人信息，我和夫人很快就做好了登记。登记之后，抽血，做口咽拭子，前后不到十分钟。感觉很简单，简单的背后，是无数人的付出。回家以后，看到群里陶莎在喊，大家快点下去做检查。应该是早上排队的人大部分已经做完了。社区的工作在教训中改进，越来越好了。无论社区工作怎么努力改进，也不可能让所有人满意，8-1601T.L因为陶莎催大家做核酸，说：这是搞什么，昨天说叫第三排等着通知，到十一点，现在说马上通知三网格，不去了。不理解这位业主生气的缘由，不做，成为漏网之鱼，害人还是害己呢？陶莎感到委屈，她在群里说：“因为今天早上大家都很守规矩分批来的.然后这边也加了人手.所以现在很快.然后我来通知大家不用分批了.全部下来.然后再去通知三网格.我不知道我是哪里说的不对…”我在群里@陶莎，你没错，辛苦了。还有几位业主也在群里支持陶莎。支持她，也是在肯定社区的工作，整个疫情期间，社区工作人员是冒着危险在工作，他们也是一线的战疫英雄。夫人也在群里说：昨天第一天，社区工作也在不断改进，今天确实比较好，我今天6点半就去排队，工作人员不到7点就来了，他们还是比较辛苦的，大家只能相互理解。听说今天来抽血的护士小姐姐们，是从重庆来援助武汉的，致敬可爱的白衣天使们。  http://t.cn/A6AkZeyv ,2020/5/16 14:47,1,0,0
J2bNzsKyP,南开发布,男,天津,187,200759,南开发布:【天津金融创新激活中小微企业】金融是现代经济的核心。面对特大疫情对当下经济的冲击，金融的核心作用如何发挥？尤其是针对中小微，那些最活力四射也最脆弱敏感的芸芸众企，金融活水该如何快速精准浇灌……天津的做法：以金融创新来引领，以快速响应为机制，为企业纾困救急的同时，涵养未来生态。而金融棋活，全盘皆活。http://t.cn/A6ADRwkf ,2020/5/16 14:47,0,1,0
J2bNq2zcX,微博军事,男,北京,1993,3320833,微博军事:【削减军费呼声高！#美防长称美军勒紧裤腰带日子来了#】随着疫情对美国经济的影响，美国国内削减军费呼声四起。美国防部长埃斯珀在接受美联社采访时坦言，美军“勒紧裤腰带”的日子就要来了。军事专家杜文龙分析，美国军费缩减已成定势，但减什么很关键。戳视频↓听详细解读。（正午国防军事）  http://t.cn/A6AeVEAi ,2020/5/16 14:47,2,2,0
J2bNc6Usr,婴儿阿姨,女,湖北,124,232,婴儿阿姨:首先，疫情过后武汉常住人口肯定到不了1100万。其次，明确说了6岁以下儿童不检。而且全武汉复工前都要求核酸检测，文件也规定因复工检测过的人不必再测。所以，搞不懂这些媒体和专家，都现在了还在用不严谨的数字做噱头。网易新闻《“十天大会战”武汉拟全民筛查花费超10亿，专家希望“冷静下来”》 http://t.cn/A6AeO7cM 来自@网易新闻客户端 #网易新闻# 原图 ,2020/5/16 14:46,2,0,0
J2bN8AtJl,白小埃,男,其他,230,720475,白小埃:【置顶】【约稿开放】大家好，因为疫情缘故，所以老鹿的赛博地摊继续开张，6月上新！本职业瞎画选手在线接受老爷们赏赐！能力范围请看编辑历史。现在能约图例12345。编辑历史里风格很多，就是为了表明俺会很多！【和老鹿约稿你会得到什么】1、一张or几张非主流画手的图，没有根据难度加价，说多少钱就是多少钱。（对我来说你的人物穿衬衫还是穿盔甲还是啥都不穿是同一个难度的，但是我的绘画水平也有限，实在觉得接不了就告诉你了。）2、有一个月的售后！没错我是有售后的，优质乙方竭诚为您服务！3、如果你问我对角色的意见or想法，我超乐意交流；想树洞我倾听；想解梦（没错你没听错）我给你解；想一起游戏……看时间。【和老鹿约稿你会失去什么】1、一点软妹币【约稿内容】首先，我们都要认真对待每个角色，我会对你的角色很好，也请你对自己来约的角色好一些。图1 单人半身棕色底素描风格 。如果是私设，要带着详细人设来介绍孩子。我会努力去理解人设，争取画出气质最符合的孩子。如果是我不熟悉的作品，请你务必介绍一下你想画的人物。图2 单人全身剪影 。这个不多说了。要的就是简约+酷炫。但是如果一次约太多可能会拖稿因为画剪影太累了，对不起||||图3 单角色正面头像精雕。但是这个不接帅哥美女，所以我放了个耐奥祖。有时间也可以改成克尔苏加德。当然如果你想约什么三角哥小护士的这种我也没意见！我，陈年各种游戏玩家，卡普空SE铁粉。以上1-3接受赏赐的唯一单位：叁佰名软妹---图4 青柿子。只接私设，单人全身彩图。你的角色会吃一个青柿子。当然我是不会给出任何示例的，全凭互相信任。信得过我就约信不过就不约。自己带好详细人设，和能满足自己的一切想法。因为个人能力有限，现在还不能接女角色。因为练的少。接受赏赐的唯一单位：五百名软妹图5 经典风格漫画。（不接条漫）因为实在太难了所以是试运行，能接的数量也有限，不少于2页不大于4页。只接私设。你要自备详细人设和文案，爱不爱吃青柿子随便。剩下的工作（把文章片段改成脚本、分页、分镜、草稿、描线、涂黑、上网点、上效果、嵌字）是我的事。因为个人能力有限，部分内容不能接女角色和大场景因为练的少。接受赏赐的唯一单位：五百名软妹/页【约稿注意事项】-不接真人-不接商稿，也不接无料-不接作业-能力有限，不接机甲-如果你骚扰我或者聊敏感zz话题，会直接失去我总之我开放约稿了，欢迎大家救我。不约头像，约的是一张完整的半身or特写肖像，是在约酷炫的角色！高贵私人订制！（←不我也知道出周边可能受益好一些，但是我本人是想做个优质乙方，还是更喜欢一对一的私人订制，所以现阶段是这样的。【我也知道我的风格比较非主流，但是，总是要碰碰运气回一下血|||】微博私信已开，别问，问就是感谢老爷们赏赐 [组图共15张] 原图 ,2020/5/16 14:46,119,176,86
J2bMXEqn5,股市股道,女,海外,3105,963450,股市股道:【科技ETF“后备军”阵容壮大 30只新基建主题ETF密集申报】财联社5月16日讯，据证券日报，存量科技ETF热度有所下降后，又有新科技ETF产品前来接棒。在新冠肺炎疫情影响冲击、外围市场扰动、科技国产化替代等诸多因素共振下，新基建被提到前所未有的战略高度，瞄准这一投资标的的新基建主题基金也在密集申报中。截至5月15日，瞄准智能汽车、物联网、区块链、云计算等细分领域的ETF产品已申报了30只。#股票# ,2020/5/16 14:45,17,12,4
J2bMWcV19,璐比臣,男,广东,571,429,璐比臣:N年前的回忆，关西之行是印象比较深刻的，那时还没生小孩，人生角色还只是“我”跟“她”～Joe出生后，答应了他的东京迪士尼、大阪环球影城之旅，希望都可以一一实现现在什么地方都不能去，就好好跟儿子一起诉说京都，希望疫情能尽快过去，大家都可以恢复真正正常的生活吧。#日本关西旅游观光##京都##时光##日本自由行# @日本国家旅游局JNTO @日本京都市旅游 [组图共9张] 原图 ,2020/5/16 14:45,0,0,0
J2bLECtF6,火讯财经官方微博,女,北京,470,14271,火讯财经官方微博:火讯财经创始人龙典:比特币减产未起波澜， 场内博弈难创新高万众期待的比特币第三次减半时间已经结束近一周，比特币价格并没有像大多数人想的那样一路冲高，而是一步三回头的拉到312瀑布起点10060，减半前三天更是开启了高达2000美元的回调，让很多期待减半的投机者又一次落空，短期内行情波动较大，注意交易风险。火讯财经创始人龙典认为:比特币在短期内价格不可能像“信仰者”所期待的那样突破前高，也就是2017年的2万美元高点，目前的价格波动主要来自场内资金博弈，庄家不需要高昂成本拉盘，通过合约期货就能来回收割获利，减半预期在2020年让大量投机者放弃幻想，数以十万计的合约期货投资者爆仓，可谓最好的故事杀最多的人。本轮减半预期让不少专业机构，投机高手都一夜回到解放前，在全球疫情的影响下，比特币并没有像大家想象的那样成为“避险资产”。也许减半行情还未正式开始，也许已经结束，有人保持期待，有人黯然离场。这个被强烈操纵的市场显然不适合杠杆交易。 ,2020/5/16 14:42,0,0,0
J2bLsj0DO,水煮长江,男,其他,18166,158223,水煮长江:美国肉厂因疫情关闭 超千万生猪或将被安乐死不如招募川军去做四川腊肉，浪费太可惜了。5月10日，据美国猪肉生产商委员会报告显示，由于肉类加工厂长期关闭，美国每天将有17万头猪无处可去。至今年9月，上千万头猪或将被实施安乐死。4月以来，美国181家肉类加工厂中已有超1.4万名员工确诊，占全国63%肉类市场份额的三大巨头因此接连关闭。部分养猪户开始喂黄豆壳粉，以求能够减缓猪的生长速度。但最终可能仍将被迫对猪实施安乐死。#美国超千万猪或将被安乐死# #探寻食材# #老腊肉的秘密武器#  http://t.cn/A6AkZfmL ,2020/5/16 14:42,0,0,0
J2bLe3lCI,诺北一川烟草凡与少年宇,女,天津,317,878,诺北一川烟草凡与少年宇:#体育# 突发！！由于戈贝尔和穆迪埃出现生病情况，爵士雷霆的比赛被叫停了，比赛还没开始，球员和裁判就已经退场了！！    现场给出的理由是：因为戈贝尔是患病人员之一，所以本场比赛暂停！需要等到联盟许可才可以继续进行！    值得一提的是，在此前比赛的赛前新闻发布会上，戈贝尔漠视疫情，主? [组图共4张] 原图 ,2020/5/16 14:41,0,0,0
J2bL2jAdq,烧烤烧烤烧,男,河北,27,32,烧烤烧烤烧:出来玩居然赚了五十块钱，带劲！刚到邢台下车时遇到一个大妈，跟我说了一句一路平安（方言），没听懂，问大妈你说啥，然后才听懂一路平安，退＊＊，退＊＊，保平安，吓得我跑路了船长：“扬帆，启航”水手：“走什么方向？”船长：“海贼需要什么方向！启航！启航！”假期结束！回撤！希望疫情赶紧结束想出省啊！ [组图共9张] 原图 ,2020/5/16 14:41,1,0,0
J2cUiuiS8,保山日报,男,云南,754,48525,保山日报:【转需！2020年全国“体育单招”部分项目专业统考时间确定】国家体育总局、教育部于5月14日印发《体育总局科教司 教育部高校学生司关于2020年全国体育单招和高校高水平运动队招生部分项目专业统考有关考试安排的通知 》，确定2020年全国普通高等学校运动训练、武术与民族传统体育专业单独招生考试（以下简称“体育单招”）和高校高水平运动队招生部分项目专业统考时间。详情如下：一、文化考试安排 文化考试由省级招生考试机构组织，考生在生源所在省份参加考试。省级招生考试机构确定文化考试地点后，考生可在报名系统内查询。考生必须于5月25日-6月5日打印文化考试准考证，按要求参加考试。具体考试时间安排如下：二、专业考试安排 　2020年专业考试时间为6月10日-30日（具体考试项目、时间和地点见“附件1”）。为方便湖北省考生参加专业考试，湖北省考生统一安排在湖北省内（具体考试项目、时间和地点见“附件2”）。　　田径、足球、篮球、排球、乒乓球、羽毛球、网球和武术套路八个分区统考项目，考生不再参加二志愿考区考试，二志愿按照一志愿考试成绩进行录取。三、考试方法和评分标准除冬季雪上项目考试因场地客观条件限制，需调整考试方法和评分标准外，其他项目考试按照体育总局科教司制定的《普通高等学校运动训练、武术与民族传统体育专业体育专项考试方法与评分标准（2020版）》执行。四、统筹做好疫情防控和考务组织工作1.各考点要严格执行《考点疫情防控工作要求》（附件3），全面做好考试考务、疫情防控和安全稳定工作的组织实施，主动将考试组织相关情况报所在省区市疫情联防联控部门，获得批准与支持，切实落实责任。2.各省级招生考试机构要统筹考试的组织实施和疫情防控工作，对省内考点的考试工作要进行全覆盖监督和指导3.考生要认真阅读《考生防疫须知》（附件4），严格遵照须知要求执行，保证个人健康参加考试。4.根据国家和各地区疫情防控要求，考试安排可能进行调整，请各单位和考生密切关注官方发布信息。其他考试相关事宜，遵照《2020年普通高等学校运动训练、武术与民族传统体育专业招生管理办法》（体科字〔2019〕155号）执行。（国家体育总局网站 云南省教育厅） 原图 ,2020/5/16 17:36,0,0,0
J2cTutfXC,一德菁英汇,男,天津,979,18905,一德菁英汇:4月，国内经济供求延续改善，但结构上仍呈现出供给恢复快于需求，生产、投资恢复好于消费，基建投资增长强于制造业投资的特征，显示当前经济有效需求依旧不足，产能利用率水平依旧偏低，海内外疫情对经济的影响依旧存在，因此，短期内逆周期调节政策仍需保持一定的力度，而在国内疫情风险降低及复工复产恢复并超过正常水平的背景下，后期政策重点预计将由疫情纾困向稳增长、保就业领域侧重倾斜，在促进经济平稳恢复的同时，加速消费的回补。但在稳增长政策的支撑下，预计二季度国内经济仍将呈现温和复苏的走势。 http://t.cn/A6AkiVCy ,2020/5/16 17:34,2,0,0
J2cT9hikU,任你自在高飞,女,浙江,559,95,任你自在高飞:@X玖少年团肖战DAYTOY 宝贝，我要全力备考（非中、高考）冲刺了，也不知道因为疫情耽误的考试什么时候才会来，好似一把悬在头顶的🗡️ 啊，感觉最近心肺功能有点下降，不喜欢跑步这些，就报了个游泳班锻炼身体同时结束旱鸭子生涯，我会过好自己的生活的，zl不值得，期待你的作品早日上映，我一如既往地支持你，也一定会出现在每个你需要我们的地方，我们都加油吧[加油][加油] ,2020/5/16 17:33,0,0,0
J2cT5rtss,看见泰国-VISIONTHAI,男,海外,416,287549,看见泰国-VISIONTHAI:【泰国疫情更新】今(16)日传出好消息，今日泰国无添加病例，这是继13日后再次零确诊，本周已两日无添加病例。截至当前累计3025例，死亡维持56例。明起将实施第2阶段解封，3大类场所包含购物商场，将可放宽重启。并放宽泰国宵禁时间，自原定晚上10时至淩晨4时，延后到晚上11时开始到淩晨4时。完整新闻：http://t.cn/A6Aki4fo #泰国疫情# #泰国[超话]# #泰国旅行# 原图 ,2020/5/16 17:33,67,0,1
J2cT1iWgc,广元环保,男,四川,82,13752,广元环保:【#挪威女总理和部长跳社交距离舞# 总理：虽然看着傻但是有趣】据外媒5月15日报道，受疫情原因影响，为庆祝挪威国庆日，挪威总理埃尔娜·索尔贝格和她的部长们在户外进行了一场大型社交距离舞蹈表演。索尔贝格表示，虽然看起来有点傻，但她觉得这很有趣。据悉，挪威将放宽接触限制措施，私人场所最多可允许20人聚集，该限制同样适用于体育运动。#广元环保#  http://t.cn/A6AktwEm ,2020/5/16 17:33,1,0,0
J2cRUpc20,TFB各站周边资源站,男,广东,116,92825,TFB各站周边资源站:#TFBOYS[超话]#[心]#边爷带你飞啵啵一起追[超话]#【TFBOYS  520✘湖南长沙中茂城大屏应援】饱含爱意，炽热光芒把每一份源自你的力量转化成不灭的烈阳让我们带着热爱 还有对于梦想这条路的无畏 继续前行@TFBOYS组合 @TFBOYS-王源@TFBOYS-王俊凯 @TFBOYS-易烊千玺  时间【5月20日 】地点为【湖南长沙中茂城】全天候轮播 15秒/次。在特殊的日子，赋予爱意更多的可能❤️（温馨提示:疫情期间，出行做好防护措施） 设计:@Lorotre_ http://t.cn/A62z7HEc 原图 ,2020/5/16 17:30,2689,2225,2248
J2cRAkKZy,杭州网,女,浙江,602,1781509,杭州网:【6年亏损60亿！退市警告在逼近！途牛，为何成为陷入迷途的牛？ 】途牛旅游网是国内一家知名旅游网站，也是美股纳斯达克的上市公司。截至目前，途牛股价已经连续28天低于1美元。根据纳斯达克规定，上市公司股价连续30个交易日低于1美元，将会收到退市警告。但由于新冠肺炎疫情的影响，纳斯达克前不久宣布启用特殊宽限政策，6月30日前有效。途牛回复称目前在积极想办法集中力量、应对挑战。目前上海两家途牛旅游的门店都已大门紧闭。途牛自2014年以每股9美元的价格登陆纳斯达克，股价也曾一度上涨到24美元，此后便在震荡中一路下滑，如今总市值已经不足1亿美元。数据显示，途牛自2014年上市以来，累计亏损了接近60亿元，平均每年亏掉近10亿元。（央视财经）http://t.cn/A6Ae8VJG ,2020/5/16 17:30,0,0,1
J2cRweEtS,十51,男,其他,196,8,十51:最近支援武汉做核酸 每天穿着防护服 连内衣都是湿的 尽心尽力做好每一个 我们心疼武汉 我们选择来帮助 我也以为人们对我们也是尊重的 经过这疫情以后 会更体恤我们每一位医护人员 可还是错了 当我们认真执行每一项操作 总有人质疑你 看到网上也有质疑 随便戳戳？不耐烦 ？不消毒？？？？很想告诉你们 我们更怕 我们全身上下就差消毒水泡着了 手套我们在消毒的情况下没有更换 也说我们不换手套 可是我真的很想说 我们消毒了 并且我们不会触碰你身上的任何部位 说我们随便戳戳 你是怎么知道？按照标准操作取到粘液 我们当然就出来了 难道要一直戳？还有说我们不耐烦 ？我们穿那么厚 都看不到脸 ？怎么知道不耐烦 ？哎 一言难尽 心寒 但是也没有后悔过 也有一些武汉居民会告诉说谢谢！辛苦了 当我听到这些 心里还是甜的 请你们多多理解我们！真是挺不容易的 http://t.cn/R2WxQOQ 显示地图 ,2020/5/16 17:29,540,9,293
J2cRknw4Q,吉林乡村广播,女,吉林,607,255856,吉林乡村广播:#我国核酸检测能力已达每日150万份#【卫健委：#5月新增本土确诊病例多来自聚集性疫情#】国家卫健委新闻发言人米锋：5月上半月，全国共报告新增本土确诊病例39例，无症状感染者194例，比4月下半月分别下降了46%和62%。但新增本土确诊病例多来自聚集性疫情，多地发现无症状感染者。要加强患者救治和流行病学调查，提高核酸检测能力，做好对无症状感染者的筛查复核和隔离管理，坚决防止疫情扩散蔓延！http://t.cn/A6Ak2K6x via.@央视新闻  http://t.cn/A6Ak2K6x ,2020/5/16 17:29,1,0,0
J2cRk5OBe,牛神nddpg111,男,湖南,1132,601923,牛神nddpg111:#海南#  《海南华侨》之《侨界万心 大爱无疆——海南侨界抗击新冠肺炎疫情纪实短片》。海南疫情期间，海南华侨关注家乡、支持家乡，大力支持海南抗击疫情，纷纷捐款捐物。。谱写了感人故事。视频来自中国新闻网频道。 牛神nddpg111的微博视频  ,2020/5/16 17:29,5,0,3
J2cNd3ETz,冻豆腐小姐,女,辽宁,157,379,冻豆腐小姐:幼儿园不开门，芭提雅平常长在了奶奶家。磊哥今年无休，我只有在不加班的周末才能把芭提雅接回来。还常常刚接回来就通知我加班！带娃下乡也是没谁了！今天给他洗完澡，合计再掏掏耳朵。按常规动作，直接就用棉签掏了，可我用电筒照了照，亏了照了照！这么大个金属圈横在耳朵里！看样子得有好几天了！想想都后怕！疫情不结束，幼儿园不开学，还无休止的随时艾特我加班！只敢匿名dissXXX！ [组图共2张] 原图 ,2020/5/16 17:19,0,0,0
J2cJtoQL2,我不是晴晴任同学,女,海外,198,544,我不是晴晴任同学:从笔试成绩落后到面试第二 成功逆袭从疫情的爆发导致体检政审推迟到这周顺利入职以后的路还是依旧要努力呀🌸  [组图共3张] 原图 ,2020/5/16 17:10,15,0,16
J2cHGkXST,西青气象,男,天津,478,769,"西青气象:【天气预报（19时-07时）】西青区气象台5月16日17时发布：今天夜间阴转多云，西北风2-3级转4-5级；明天白天多云转阴有扬沙，西风2-3级转西北风4-5级阵风7-8级；空气净化气象条件：2级，较好；森林火险气象指数：4级，高风险；其中气温：张家窝镇,王稳庄镇,中北镇,精武镇最低12℃,最高24℃;辛口镇,杨柳青镇最低11℃,最高23℃; 西营门街,李七庄街,赤龙南街,大寺镇最低13℃,最高24℃。西青国家基本站17时实况 ：阴，气温21.4℃，湿度63％，北风2级，能见度7km。明日疫情防控期机动车在外环线以内道路行驶不限号。西青区疫情防控指挥部提示：充分发挥社区在疫情防控中的阻击作用，把防控力量向社区下沉，使社区成为疫情防控的坚强堡垒。把社区居民发动起来，构筑起疫情防控的人民防线。 ",2020/5/16 17:05,1,0,0
J2cH1uPor,城市追擊傳媒,女,香港,395,48236,城市追擊傳媒:#挪威# 【#挪威女总理和部长跳社交距离舞# 总理：虽然看着傻但是有趣】据外媒5月15日报道，受疫情原因影响，为庆祝挪威国庆日，挪威总理埃尔娜·索尔贝格和她的部长们在户外进行了一场大型社交距离舞蹈表演。索尔贝格表示，虽然看起来有点傻，但她觉得这很有趣。据悉，挪威将放宽接触限制措施，私人场所最多可允许20人聚集，该限制同样适用于体育运动。@沸点视频http://t.cn/A6ADWOB0http://t.cn/A6ADWOBN ,2020/5/16 17:04,2,0,2
J2cH1wFJx,湖北全攻略,女,湖北,17,157488,湖北全攻略:【#张文宏发微博了#：每个人都是战士 这才是真正的群体免疫】今日，复旦大学附属华山医院感染科主任张文宏开设微博，并发了第一条博文说到：看到很多以张文宏名义写的疫情分析或者名言警句，似乎合情但常不合科学道理，也就是说合情而不合理，恐多产生误导。鉴于此，开设本人微博，传播第一手的信息与观点。……上海这座城市，不仅仅是医生、护士，乃至居委会干部、民众、警察、海关、道口，是无数的抗疫民众组成的免疫屏障，阻挡了疾病的蔓延。每个人都是战士，都是英雄，这才是真正的群体免疫。 原图 ,2020/5/16 17:04,1,0,0
J2cGF7oeT,i傅九爷,女,其他,278,1553,i傅九爷:@你是我的命中注定 如果你在仲夏mtx✨后面播，就真的说不过去了哈，人家可是比你晚拍的，都赶上来跟你同期了。纵然是因为疫情耽搁了后期，可你不是古装剧，没有太多的特效，就算通常翻拍剧比较麻烦但是剧名已改，剧情也比旧版的更合理顺畅了，又不是什么敏感题材的剧，到底是哪里出了问题导致至今都还未定档，当初又是谁给你的勇气信誓旦旦的排版在年味剧场？最后却又落空了，yxh都不想溜你了，你就一现代偶像剧怎么就这么波折不堪，曲折不断呢？🙃 ,2020/5/16 17:03,7,0,0
J2cGjf9yf,forever_飞将军,男,河北,155,50,forever_飞将军:这是今年第一次过来颐和园，天气不算太好，不过微风轻轻，还算舒服。园里人不多，有些安静，跟我以前常逛的颐和园有些不同，以前总是充斥着各种聒噪，人也熙熙攘攘，好的景致有时候也会没了心情。这次不同，因为疫情改变了好多，坐在湖边静静地看着小鸭子嬉戏，能够享受到一份安静，这些对我来说就足够了。 [组图共2张] 原图 ,2020/5/16 17:02,0,0,2
J2cFBbOI3,新闻资讯所,男,湖北,40,88113,新闻资讯所:【女子疫情期间潜入隔离病房偷手机 法院判了！】近日，广州市白云区人民法院公开开庭审理并当庭宣判一起潜入防疫隔离病房行窃案，以盗窃罪判处被告人杨某有期徒刑一年零四个月，并处罚金2000元。3月2日晚，杨某在广州市第八人民医院的隔离病房内，盗得新冠肺炎确诊患者梁某的手机1台。经鉴定，被盗手机价值人民币3140元。 http://t.cn/A6AguiOL ,2020/5/16 17:00,0,0,0
J2cFzmfuv,sy云淡风轻666,女,其他,211,114,sy云淡风轻666:🍃 曾经以为，花生日记就是，发朋友圈，发优惠券，刚开始觉得有点不好意思和有所顾忌。直到这场疫情来袭，知道了多少农民丰收的成果滞销，多少企业产品滞销，裁员，多少人失业，才知道，自己每一次把这些质优价廉的产品分享出去，都是在帮助他们，都是在做公益，都是在为经济发展做贡献。再发达的生产力，都要去销售，去分享，去消费，否则就是生产过剩。从央视直播带货开始，确立了一个全民营销的时代到来。这世界最大的改变，是思维的改变。 [组图共9张] 原图 ,2020/5/16 17:00,0,0,0
J2cFpmwV9,天府双流,男,四川,701,147463,天府双流:【代表风采：为群众发声！这个勤务员超给力！】泽央娜姆是双流区人大代表，也是高新区老协中和街道甘孜州分会会长。当选人大代表以来，她时刻牢记人大代表身份，充分发挥自己少数民族优势，通过团结少数民族同胞、推进社区民族之家建设、组织参与疫情防控等举措积极参与到社区公共事务中来。同时，从群众关注的身边事入手，积极为群众发声，提出意见建议，切实履行人大代表的职责。 原图 ,2020/5/16 17:00,0,3,0
J2cFpiXZ9,微博香港娛樂,女,其他,846,1782030,微博香港娛樂:【【公開畫作】洗樓派口罩予長者 容祖兒：回饋老友記是福氣】香港再有「新冠肺炎」的本地確診群組，專家呼籲外出要戴口罩。@容祖儿 就與「容祖兒慈善基金」團隊，連日來低調落屋邨及社區等地，派發一萬個口罩予獨居長者、雙老及基層人士。她在社交網發文，表示自己在疫情期間雖然工作都暫停，但行善從未停止：「重要是能夠在保持最適當的距離下和哥哥姐姐們打招呼，問好幾句以及送上最深切的祝福，這是我最感恩的事。 [组图共2张] 原图 ,2020/5/16 17:00,8,2,3
J2cAc35qa,云视网,男,云南,86,2204,云视网:【开学复课就能“神兽”归笼了？专家：别心急】5月15日，国务院联防联控机制就常态化疫情防控下的心理健康服务有关情况举行发布会。据统计，目前已经约有一半的学生返校开学，各地也在有序推进开学复课，有些学生在复学过程中心理压力比较大，一些学生可能会从心理上不适应学校的节奏，甚至出现心理问题，如何应对和疏导？http://t.cn/A6AkVYzJ ,2020/5/16 16:47,2,0,0
J2cA3dl9I,云视网,男,云南,86,2204,云视网:【十三届全国人大三次会议将于22日开幕 今年大会安排有这些调整】15日，全国人大外事委员会主任委员张业遂就十三届全国人大三次会议有关工作接受专访。张业遂说，十三届全国人大三次会议将于5月22日在北京开幕，大会新闻中心收到了3000多名中外记者报名采访会议的申请。为有效防控疫情、共同维护公共卫生与健康，今年大会安排将作出以下调整：会期考虑适当缩短，具体议程、日程将分别由会前召开的预备会议、主席团第一次会议通过；邀请部分在京的中外记者采访会议，不邀请境外记者临时来京采访；新闻发布会、记者会、“代表通道”“部长通道”等采访活动将适当精简，创新形式，采用视频方式进行。张业遂说，大会举行全体会议时，将邀请各国驻华使节旁听大会，邀请部分在京的中外记者到人民大会堂现场采访。由于疫情关系，今年代表团不安排开放团组和集中采访活动。为积极回应媒体记者和社会的关切，各代表团今年将设立新闻发言人，及时发布本团重要信息，代表团的新闻联络员将积极协助中外记者联系采访。大会鼓励代表积极接受采访，在代表住地设立视频采访室，为代表接受采访提供便利。张业遂说，大会新闻中心网页将及时、动态发布会议日程和议程、活动安排，提供会议主要文件的中外文文本和相关资料等。http://t.cn/A6AD8H4w ,2020/5/16 16:46,0,0,0
J2czttxwO,闻所未文,女,北京,2200,112180,闻所未文:#美记者称特朗普科学知识不足三年级水平#【#特朗普称美国引领世界# 美记者：美国全搞砸了】《纽约时报》科学与健康记者麦克尼尔12日接受CNN采访时直言，与其他国家相比，美国在CDC公开宣布新冠肺炎疫情之后的前两个月里“完全搞砸了”。当被问及特朗普本周吹嘘病毒检测成就时，麦克尼尔说：“这就是那个说给自己注射消毒液的人……这个人的科学知识还没到三年级水平，你还想让他根据流行病学统计数据得出正确结论，简直是天方夜谭。”#共同战疫#  #全球抗疫第一线#  #美国疫情# #美国卡车运新冠尸体消毒后运食品# #美国确诊新冠肺炎超144万例# #特朗普崩溃了# #特朗普与女记者僵持不下转身就走# http://t.cn/A6AD8dv6 ,2020/5/16 16:45,2,2,1
J2cze3v2e,浑江发布,女,吉林,29,660,浑江发布:白山市浑江区通沟街道与区直各包保部门联合对辖区内人员开展第二次全面入户大排查面对任务重，人手少的实际情况，街道、社区和包保部门全体干部采取一切可行措施，克服种种困难，按照网格化管理办法，对辖区内所有小区开展地毯式排查，逐户填写《浑江区疫情防控排查表》和吉祥码注册。坚持做到不落一户，不漏一人。全体干部以对人民群众生命安全和身体健康高度负责的态度，密切配合，同心协力，一张张疫情防控的“大网”在辖区内全面铺开。 [组图共5张] 原图 ,2020/5/16 16:44,0,0,0
J2cyUiZHm,苏黎世少年郎,男,海外,613,9034,苏黎世少年郎:#瑞士疫情##海外抗疫日记##毕业季# 受疫情影响，同事的毕业答辩改为Zoom。该有的流程还是要有，虽不能像往日一样庆祝，但学位帽🎓还是要做的～昨天下午跟同事俩人的进展～这已经是我做的第四个了～有点期待自己答辩的🎓会是什么样子 瑞士·苏黎世  显示地图 [组图共3张] 原图 ,2020/5/16 16:44,11,0,7
J2cyqrQZA,陕西微评,男,陕西,2422,12842,陕西微评:#合创团队[超话]##吉林疫情##吉林新增2例本土确诊病例#【#吉林公布新增2例本地确诊详情#：均为控制范围内主动筛查检测阳性确诊】5月15日0-24时，全省新增本地确诊病例2例（吉林市），均是在控制范围内主动筛查检测阳性确诊的。截至5月15日24时，全省累计报告本地确诊病例121例，累计治愈出院92例，在院隔离治疗28例（吉林市28例），病亡1例。 http://t.cn/RyhltzR 显示地图 原图 ,2020/5/16 16:42,1,0,0
J2cxODSxU,金乡气象,女,山东,36,637,金乡气象:今天夜间到明天白天，多云，局部有阵雨，降水概率30%，南风转北风3到4级，最低气温20℃，最高气温30℃；18日，多云，局部有阵雨，南风转北风4级，阵风5到6级，最低气温15℃，最高气温22℃；19日，晴间多云，北风3到4级，最低气温16℃，最高气温26℃。疫情防御温馨提示：戴口罩、勤洗手，测体温、勤消毒，少聚集、勤通风；拒野味、不聚会，亲友情、网上叙，少出行、莫大意；早发现、早报告、早隔离、早治疗，对自己负责，对他人负责；我们同努力，疫情定可防! ,2020/5/16 16:41,1,0,0
J2crSr54o,牛神nddpg111,男,湖南,1132,601923,牛神nddpg111:#海南# 海南猪肉、蔬菜降价了。海口20家企业向全市农贸市场、超市、批发市场、便民疏导点的蔬菜猪肉销售的相关单位和种植养殖户发起倡议，自5月18日起至新冠肺炎疫情结束，执行新一轮倡议价格。和4月13日该市发起的倡议价格相比，此次白猪肉、黑猪肉倡议价格每斤再降1元。在倡议中提出，明码标价，不囤积居奇、不涨价，保证供应。 ,2020/5/16 16:26,0,0,4
J2chpgabM,只为忘记只为忘记,女,河北,1356,150,只为忘记只为忘记:爆发疫情以后从二月份一直休息到四月底，五月份单位才通知上班，来了单位才知道只通知了一半人员来上班，其他没有通知的就不再录用了，这来上班的一半人员要做原来所有人的工作，前台也不是前台了，公卫保洁的工作也要干，主管也不是主管了，客房卫生公卫也要干，累是肯定累，但是还不能抱怨，一个同事喊累传到了项目领导耳朵里，领导说谁喊累那就回家歇着去吧。哎，现在的形势是要不就没工作要有工作就累死。大家现在的工作状态都怎么样？ http://t.cn/RJUvqD9 显示地图 ,2020/5/16 16:00,0,0,0
J2chkx4Ia,报佛恩德,女,山东,338,89,报佛恩德:#2019冠状病毒病#师父入定观察，与佛无二。定觉在世如来。也就是说:传佛心法，在世如来。我的师父修行修了三十多年了，师父修到得三摩地的智慧。有一次，大泰山顶有位神仙来求师父，愿意让师父上泰山讲法，师父就答应了。过了几天，我师父就去大泰山，带了四个人，其中便有我。师父把整个泰山看了看，选了一块最清静的地方（泰山顶，气象台东面），我师父聚齐整个泰山一切神灵，召开了一个大法会，给这些神灵安排了将来的任务。（2012年10月21日）二零一三年，文殊师利菩萨邀请师父上五台山讲法，我师父因为缘不具足，直到二零一九年四月份才去五台山，超度整个五台，度化了很多的神灵。我师父每天都在修行，一切天人都在听法，天人身高十三米左右，排着整整齐齐的队，一眼望不到边。不再往下说了，我师父三十多年修行的一切境界。要写成书本。一卡车也装不下。我就说这一点吧!你们不修行，用自己的思想是想不来，见不到的。像我师傅这样修行，中国上下五千年，有敢这样说的吗?要相信阿弥陀佛的佛号，十方诸佛赞叹，十方诸佛弘扬。十方诸佛共同赞叹，阿弥陀佛!光中极尊，佛中之王!我们修行的决心不信邪，不信迷。我们一不拜山、二不拜庙、三不拜河。我们拜的是自己的真心。我们常生惭愧心和忏悔心，我们爱护山河大地、万物众生。做到不杀、不吃。我们的心要淳朴善良，知足常乐，不生烦恼，人无病苦，专心念佛，决了生死！当前世界疫情，联系着我们的生命。我们有办法解救我们自己，我们人人都要念阿弥陀佛。我们坐下来，静下心来念阿弥陀佛。我们念的时候心中要想清楚，口中要念清楚，我们的心在这句佛号上，用决心毅力的念，念的时间越长越好。大家一定要相信，只有这样才能挽救我们的生命。因为我们的生命和科学是没有关系的，我们是大自然变现的，我们念阿弥陀佛就是恢复我们永远的健康，这就是大自然的定义。师父法名：缘法祥师父 俗名：李庆芝 http://t.cn/R2WxTq1 显示地图 ,2020/5/16 16:00,0,0,0
J2chdn3E3,西部网,男,陕西,875,2089159,"西部网:#记者在武汉经历人生至暗时刻#【我在武汉流过泪！记者数度怀疑自己中招，在武汉经历人生“至暗时刻”】新冠肺炎疫情暴发后，众多新闻记者逆行武汉。访医院、进社区……他们秉持职业操守,走遍了战疫一线的每一个角落。然而，新闻记者也是普通人，有人在出发前特意将银行卡密码留给家人；有人在医院采访后发烧，承受巨大的心理压力；有人访问医护人员时,因感同身受而一起落泪……有犹豫，也有挣扎，但他们最终义无反顾履行职责，甚至忘记了危险。由此，“至暗时刻”何尝不是“高光瞬间”？这里记录了他们在武汉的故事，一路艰辛伴着收获，即便哭过又如何？@中新视频 http://t.cn/A6AejpqP ",2020/5/16 16:00,0,0,0
J2ch87FbJ,缚之崖,女,四川,60,38,缚之崖:学校可能不开学了，在想暑假去哪里兼职毕竟现在已经五月份中旬了，突然想到我的驾考七月份就要过期了，然后开始着急忙慌地算还有几个月 那我暑假去东北打工也学不完啊 五千块钱呢 疫情有延学政策吗……恨不得马上飞到东北，心里毛烧火燎脑壳直冒青烟十多分钟。然后，突然看到网页上有个人说2018年驾考2021年过期…………哈，小傻帽 ,2020/5/16 16:00,0,0,1
J2ch3pRPs,江苏共青团,男,江苏,685,469549,江苏共青团:【#泰国将中韩撤出危险性传染病地区名单#】当地时间15日，泰国公共卫生部签发公文，正式将中国（包括香港和澳门特别行政区）、韩国从危险性传染病地区的名单中剔除。该公文将从5月16日起生效。公文中表示，鉴于中国和韩国有效遏制了新冠肺炎传播，为了适应目前的疫情防控措施，在泰国专家团队的指导意见之下，泰国公共卫生部认为有必要将中国和韩国从危险性传染病地区的名单中剔除。#苏团快讯# 原图 ,2020/5/16 16:00,6,4,0
J2ch3pRKC,暹罗中心SiamCenter,男,海外,39,72559,暹罗中心SiamCenter:再过不久，您将在ONESIAM暹罗商圈的暹罗百丽宫Siam Paragon、暹罗中心Siam Center和暹罗探索 Siam Discovery体验新的生活方式。长时间在线购物后，终于等到能出门开心逛街的日子了。您可以立即购买自己喜欢的东西带回家。 从世界奢侈时尚名牌到泰国及外国设计师的知名品牌，所有的风格都供您选购！  您还可以在世界一流和非常受欢迎的餐厅就餐，改变就餐氛围，品尝各种美味佳肴，每盘都新鲜无比！娱乐项目已经向整个家庭开放，同时也可以享受ONESIAM暹罗商圈为您准备的优惠促销和优质服务！ #onesiam 暹罗商圈##暹罗百丽宫Siam Paragon##暹罗百丽宫##暹罗中心##暹罗中心 Siam Center##暹罗探索##暹罗探索Siam Discovery##泰国疫情# #我爱暹罗# http://t.cn/A6AkG4BP ,2020/5/16 16:00,0,0,0
J2ch3pkiW,天津交通广播,男,天津,937,6850193,天津交通广播:【暖心！#小学生家长给全班同学编口罩扣# ：这样耳朵就不痛了】近日，浙江嘉兴一位小学生的妈妈给班里每个同学编制了口罩扣。小学开学后孩子告诉妈妈，戴一天口罩耳朵很痛，于是这位妈妈就给自己孩子编织了口罩扣，还顺便给全班同学都编织了一个。网友：“期待着疫情早日结束摘下口罩。” http://t.cn/A6AgpcmA ,2020/5/16 16:00,16,3,0
J2ch34UDE,吴蚊米,女,浙江,1791,788168,吴蚊米:第45次《中国互联网络发展状况统计报告》显示，截至2020年3月，网络直播用户规模达5.60亿，占网民整体的62.0%，其中电商直播用户规模达2.65亿。这意味着在中国超9亿的网民群体中，将近三分之一通过电商直播渠道购物。如今，受疫情的影响，直播电商呈加速发展态势。数据显示，一季度电商直播超过400万场。未来，随着企业加快线上线下融合发展，直播电商将会继续呈现蓬勃发展态势。#蚊子会资讯# #电商# 原图 ,2020/5/16 16:00,1,2,1
J2cgjB6Lt,全景网,男,广东,842,2071987,全景网:【国家卫健委：#我国核酸检测能力已达每日150万份#】国家卫生健康委医政医管局监察专员郭燕红介绍，截至目前，每天核酸检测能力可达到150万份。随着复工复产还要进一步提高核酸检测能力。下一步一方面要加强二级以上医疗机构实验室建设，开展核酸检测；生物安全管理和实验室管理、医务人员培训上也要同步加强。 #直击抗击新型冠状病毒肺炎疫情# (人民日报)http://t.cn/A6AkUOIO ,2020/5/16 15:58,8,4,5
J2cg2qf3V,杨亲亲Ruby,女,北京,2574,353580,杨亲亲Ruby:啊啊啊啊好多工作！我又来摸鱼了！记得不久前有小胖友在评论里问我怎么找到爱干净又爱做家务的男朋友呢？我记得当时我是说家里的家务之前基本都是家政阿姨做，壮公主打补丁。但是自打疫情开始到现在，之前固定的阿姨一直没有回京，壮公主也不敢让其他阿姨上门。所以到目前为止，壮公主承担了家里所有的家务。不得不说，男人真的很适合做家务。我家呈现了有史以来整洁的最高峰！之前几年，主要由阿姨负责整理的衣柜，一直陷于整洁-混乱-整洁-混乱的循环中。经过壮公主的个把月的整理分析，确认是衣柜的分类收纳系统分区不完善，在他购置了大量的分类收纳盒，重新做好功能分区后，家里的衣柜简直不要太整齐！！！再也不会找不到什么衣服啦！这个人还把我的所有衣服做了数量统计，真的要吓到我？原来，我有这么多衣服吗？？？那条微博下面，因此有朋友提问，有啥具体方法可以找到这样的人吗？我之前没有详细思考🤔过这个问题，但是看到这个提问后。我发现，其实每一步我确实都没有做错哎，虽然不是故意的，是完全无意识的举动，但是这一步步都最大程度的确保了，我自己选定的男孩，一定是符合我对优质男孩的标准哒！首先，我在这边对优质男友下个我个人的定义哈1.高大帅气，长相端正2.性格温柔，脾气稳定，头脑聪明，有涵养有内涵3.工作能力ok4.女权主义者，直男癌坚决不要，愿意帮助自己的另一半成就自己的事业5.勤劳，爱干净，挨收拾家6.不妈宝爸宝，是个正常的成年人其中的第5条，可谓跟未来的生活息息相关。尤其是有生育计划的女性，在过去，生存环境的整洁与否，关乎后代的生存几率，所以找到一个爱干净爱整洁勤劳的另一半，会提高自己后代的生存质量和生存几率。即使放到现代，也是影响你婚后长期生活质量的重要因素嘛！那我是怎么做的呢！这个一条讲不完啊！我想分享一个简单的挑男小技巧！看我下一条！挑男指南第一条：http://t.cn/A6Ak5E8O#亲亲挑男指南# ,2020/5/16 15:57,35,4,39
J2cg2bEKm,千紫陌010,女,其他,18,1,千紫陌010:#迪丽热巴0603生日快乐##迪丽热巴# 我来澄清下，最近看到很多人在讨论《爱情高级定制更名《幸福触手可及》是因为被举报了，我刚开始也差点就信了，但后来我去查了一下，发现是国家让广电局改的名，所以我今天来澄清下。         另外我发现有很多的阿丝接受不了幸福触手可及这个名字，认为幸福触手可及这个名字实在是太土了，可是你们有没有想过国家为什么让《爱情高级定制》改名？            关于这件事我想说:无论是之前的《清平乐》还是现在的《幸福触手可及》它们的名字里都透露着一股“吉祥”的味道，而且《清平乐》《幸福触手可及》它们名字的主题都是“追求幸福”，但是现在的生活好像“不太幸福”(因为现在还在疫情期间)所以阿丝们名白了吗？     今天就到这里了，其它的我就不多说了，总之就是一句话期待放总。（复制哒） ,2020/5/16 15:57,20,0,10
J2cfSptYC,书摘手记,男,四川,97,110513,书摘手记:【#张文宏发微博了#】复旦大学附属华山医院感染科主任@张文宏医生 今天在认证微博更新首条博文：“看到很多以张文宏名义写的疫情分析或者名言警句，似乎合情但常不合科学道理，也就是说合情而不合理，恐多产生误导。鉴于此，开设本人微博，传播第一手的信息与观点。本人在上海本地抗疫100余日，而今援鄂兄弟姐妹成建制100%返沪。”博文还配上了一段视频。 原图 ,2020/5/16 15:57,1,0,0
J2cfCooWC,穿搭小屋,女,上海,260,71,穿搭小屋:[cp][cp]2020周杰伦世界巡回演唱会即将在#周杰伦演唱会#呼和浩特举行因疫情延期具体日期等待主办方官宣具体日期为准#周杰伦呼和浩特演唱会##演唱会门票#太原站2020.5.09.10(两场)呼和浩特站2020.7.18-7.19（两场） 你们可以问问她@综艺售票员-麦洪玲  为了我们的青春不留遗憾 我们一起去看一场属于我们的青春演出#周杰伦太原演唱会#hhjj[/cp] ,2020/5/16 15:56,1,0,0
J2cfyBmUy,西安检察,女,陕西,713,40268,西安检察:【卫健委：#5月新增本土确诊病例多来自聚集性疫情#】国家卫健委新闻发言人米锋：5月上半月，全国共报告新增本土确诊病例39例，无症状感染者194例，比4月下半月分别下降了46%和62%。但新增本土确诊病例多来自聚集性疫情，多地发现无症状感染者。要加强患者救治和流行病学调查，提高核酸检测能力，做好对无症状感染者的筛查复核和隔离管理，坚决防止疫情扩散蔓延。（央视新闻） http://t.cn/A6Ak2K6x ,2020/5/16 15:56,8,0,13
J2cfwzrXn,Byeol飘里,女,其他,118,9,Byeol飘里:2020年春节vlog | 终于看到雪啦拖了好久的#春节vlog# 终于做出来了，现在天气太热，看雪消消暑吧~今年春节我们看到了太多的感动，疫情从爆发到现在已经过去了四个多月了，现在出租车的防护膜已经撕下来了，快递也可以送货上门。既然2020年无法重启，那就继续这样慢慢好起来吧！  http://t.cn/A6Akb8k2 ,2020/5/16 15:56,0,1,0
J2cfn5w4h,火星炜,男,北京,156,10836,"火星炜:今晚（5.16）10点到12点，第269期《@国家大剧院 》收听亮点：每周六120分钟的艺术音乐聚会又和亲爱的听众朋友相聚了。节目第一单元，一位青年舞者，在疫情防控阻击战期间创作了主题作品《到那时》，他也是国家大剧院成立13年以来，首位在国家大剧院穹顶北面露天水池中做舞蹈表演的舞者。这位青年舞者透露，在这次创作中，他是作为一个时空穿梭者，表达出一种积极向上的力量。精彩内容将在节目中独家分享！第一单元的内容绝非如此简单，还有更多精彩内容需要你侧耳倾听，收听方式：手机APP云听，搜索并订阅吕炜的所有专辑，其中《#炜炜道来#》、《#国家大剧院#》是您的最佳必听哦！首演于2013年1月31号的国家大剧院版歌剧《#霍夫曼的故事#》实况鉴赏版，也是您的首选。《霍夫曼的故事》是轻歌剧作曲家#雅克·奥芬巴赫#晚年创作的最后一部作品,也是他最著名的歌剧作品之一。旋律变化丰富，剧中演员的唱腔更是令人着迷。马上预热欣赏一段吧，优美的旋律请锁定国家大剧院，精彩不容错过，敬请关注！并直接在文章中留言回答出“舞者的姓名，以及《霍夫曼的故事》知名唱段名字位于第一名的听众，您将获得精美礼品一份哦！另外，别错过，今晚（5.16）7点开始的国家大剧院古典音乐频道直播的“声如夏花”系列音乐会，也是一个提前预热环节哦！ [组图共8张] 原图 ",2020/5/16 15:55,0,0,0
J2cfjdjjf,中国营口论坛,男,辽宁,804,109734,中国营口论坛:【营口市内两区“520”“521”婚姻登记预约名额已满】#营口生活# 许多受疫情影响错过了“20200202”“0214”网红婚姻登记日的情侣，已经做好准备，将要在谐音为“爱你爱你我爱你”的“2020520”“2020521”甜蜜又特别的日子里，登记啦！#营口身边事# 记者从站前区民政局婚姻登记处了解到，为避免人群聚集、滞留，今年的“520”“521”婚姻登记执行“分时段预约登记”服务。从5月6日开始，登记处接受电话预约，目前，这两个日子的预约名额已满，20日预约登记40对，21日预约登记38对。记者还从西市区民政局婚姻登记处了解到，该处的“520”“521”登记预约也已经满额，每日均有30对准新人预约成功。因为接待能力有限，登记处现在已经不再接受预约，届时现场只接待提前预约的情侣。在此，记者温馨提醒成功预约“520”“521”领证的准新人，当天要带齐登记材料，按照预约时间前往登记处，到办理窗口核对预约时间与姓名。现场听从工作人员安排，佩戴好口罩，接受体温测量、扫码登记，在指定区域等候，有序办理。未预约到心仪的领证日子，也不要觉得遗憾，毕竟这些“网红日”“吉祥日”只是一种美好意愿，婚姻的幸福与否，与登记日期是否为“好日子”无关。只要双方感情牢固、幸福甜蜜，无论哪一天，都是属于你们的好日子。 原图 ,2020/5/16 15:55,1,0,1
J2cf6drpz,各界在线报道,女,陕西,1708,656,各界在线报道:陕西关中750千伏双环网全线贯通（张楚翌  通讯员:薛怡  刘雪地）5月16日，陕西750千伏关中双环网宝鸡-西安南第二回线路顺利完成330千伏乾骆线带电跨越，标志着陕西关中750千伏双环网主网架全线贯通。750千伏宝鸡-西安南-信义第二回线路工程途经宝鸡、西安、渭南三市九县（区）的工农业最发达地区。本次建设需在原已建成的107.1千米线路基础上，新建单回线路206.154千米，新组立铁塔462基，工程动态投资10.9亿元，是国网陕西电力应对宝鸡-西安南-信义单回750千伏线路联系较薄弱及潮流大面积转移风险，扭转我省东南部供电区负荷增长、电源紧缺不利局面的重大举措。工程分为东西两段，其中东段西安南-信义第二回线路已于2019年12月建成投运，西段宝鸡-西安南线路是“关中双环网”最后一段线路，也是陕西电网“两纵双环“750千伏主网架重要组成部分，是国家电网公司、陕西省“十三五”重点建设项目，对于加强关中750千伏电网主网架，提高供电可靠性，实现陕西电网“陕电外送、北电南供、关中强网、陕南强联”，保障关中城市群发展和推动陕西经济追赶超越都具有重要意义。工程自2017年8月开工以来，国网陕西电力坚持高质量建设，超前开展设计方案优化，大力倡导“新技术、新材料、新工艺”现场应用，不断探索电网建设新高度；坚持政企联动，营造良好建设氛围，工程沿线村庄密集，经济作物占比大，通道协调难度大，国网陕西电力主动作为，在沿线政府和群众的积极配合下，完成征占赔偿工作。坚持安全底线思维，分级分层控制风险，顺利完成跨越高速公路2处，在运高铁1处、铁路1处，拟建铁路3处，35千伏以上电力线路17处，有效解决建设四级风险技术控制难度大，人身、电网风险等级高等难题。2月23日，国网陕西建设公司坚持“一手抓疫情防控、一手抓复工复产”，制定严密疫情防控措施，积极协调上级部门和地方政府，为工程复工赢得时间，该工程是陕西新冠影响以来首个复工的电网建设线路工程，该公司一季度复工率实现100%，有力带动上下游产业复工复产。随着下一步工程验收调试工作顺利推进，工程预计在6月中旬投产。 [组图共4张] 原图 ,2020/5/16 15:55,1,0,0
J2cf3jIPL,浪眼看深圳,男,广东,253,637029,浪眼看深圳:瑰丽壮美的丹霞山、长隆旅游度假区、白云山风景区……如今，广东仅5A级景区就有14家之多，其他大大小小的景点更是星罗棋布。在做好疫情防控措施的前提下，通过“广东人游广东”，促进“广东人识广东”，能有序推动省外、境外游客游广东。来，一起来get广东省内丰富的旅游资源。期待游人如织的热闹景象早日到来[GoForIt] [组图共5张] 原图 ,2020/5/16 15:55,0,0,0
J2ceZpHDP,川西监狱,女,四川,538,6356,川西监狱:【#西华大学成都中医药大学公布返校时间#】5月15号，四川又有两所大学公布了返校时间，分别是@西华大学 和@成都中医药大学 ，具体通知如下:①西华大学：按照上级部门和属地政府关于2020年春季学期学生返校工作的相关要求，结合学校疫情防控工作实际，经研究，定于2020年5月23日起启动校本部学生分期分批、错时错峰有序返校。具体返校时间和相关要求由各学院通知学生，请接到返校通知的学生按要求做好相关安排和准备，并在返校途中做好自我防护。未接到返校通知的学生暂不返校。②成都中医药大学：根据四川省教育厅关于做好高校学生开学复课工作的相关文件精神，经温江区、金牛区新型冠状病毒肺炎疫情防控指挥部评估核验通过，并报成都市教育局和四川省教育厅同意：我校定于5月22日起学生分批次、分生源、分时段错峰有序返校。具体返校批次、时间和相关要求由各学院通知学生，请接到返校通知的学生按要求做好相关安排和准备，并在返校途中做好自我防护。未接到返校通知的学生暂不返校。@四川观察 原图 ,2020/5/16 15:54,6,0,1
J2ceWvtSR,南京鼓楼政法,男,江苏,180,252,南京鼓楼政法:“锦鲤”入陷阱鼓楼所 南京鼓楼公安 看APP短视频惊喜中奖？终于轮到我“锦鲤”附体！只需付运费就可以获得！等妈妈回来告诉她肯定夸我        家住鼓楼区王女士的儿子小李，因疫情原因延期开学，刚上初中的小李在家闲来无事，经常拿母亲的手机刷短视频打发时间。    前几日，小李在母亲王女士出门前将手机要来玩，独自一人在房间刷起了短视频。不一会儿，就有人私信小李，告知其中奖了是一台苹果11手机。兴奋之余，小李询问如何领取该手机呢?对方告知小李按公司规定只需要支付100元邮费就可以免费得到手机，但是只能以充值Q币的形式进行邮费支付。     于是，小李没多想就按照对方给的QQ号充值了100元，到账后对方说需要再支付500元Q币当押金，之后会返还小李，小李没多想就继续冲了500元Q币，可是这之后对方又提出要继续充值1000元，这下小李意识到自己可能被骗，于是等妈妈回家将此事告之后，母子二人来所报警。￼小鼓提示     建议家长勿将手机给视野之外的孩子单独操作，为了更好保护账户安全最好不要告诉孩子网银密码。一旦遭遇网络诈骗，要保留对方联系方式、银行卡号、聊天记录等线索，及时向公安机关报案。 [组图共4张] 原图 ,2020/5/16 15:54,1,0,0
J2ceMFltL,济阳检察,男,山东,1038,21475,济阳检察:【#吉林市关停个体诊所和门诊部#】16日下午，吉林市发布关停所有个体诊所和门诊部的公告。公告如下: 一、从http://t.cn/A6AkyewY ，吉林市所有个体诊所、门诊部暂停营业，不得开展诊疗活动，有就诊需求的群众请到各相关医疗机构就诊；凡是发热病人一律到发热门诊就诊。 二、所涉及的个体诊所和门诊部应迅速通知已预约的病人暂缓就医，并做好相关解释工作。 三、各县（市）区卫生健康行政执法人员要立即开展监督巡查，及时核查关闭情况，一旦发现未执行疫情防控措施的，立即关停并依法严肃查处。 四、个体诊所和门诊部恢复营业的时间根据疫情发展情况另行通知。 咨询电话：0432 69952666 原图 ,2020/5/16 15:54,5,1,5
J2cesDsnp,泗县发布,男,安徽,421,25676,泗县发布:#教体动态#【邢陈小学教师邢士林向屏山中心学校捐赠爱心物资】为进一步做好疫情防控，确保复学后广大师生的生命健康安全，邢陈小学教师邢士林，5月15日向屏山中心学校捐赠爱心物资复合酒精消毒液约1000份。屏山中心学校总务处主任董礼代表屏山中心学校接收物资捐赠，并向邢老师表示由衷的感谢。董礼表示，学校将会合理使用该物资，确保使其发挥最大用处，确保给广大师生的安全带来切实保障。（特邀主持：梁雅慧 ） 原图 ,2020/5/16 15:53,4,3,2
J2cep96AN,日本关西旅游观光,男,海外,769,345657,日本关西旅游观光:#日本疫情# 安倍口罩这次可是花了不少钱，但是感觉没有解决到什么问题，口罩生产花了460亿日元，后来发现部分口罩有发霉和质量不合格等问题，回收检品又花了8个亿日元。我们缴的税就被他这么白白的浪费了468个亿日元。而且到目前为止还有很多地方没有收到口罩。现在白天气温都25度以上，到六月份估计就30度左右了，这么热的天带这口罩，没病也能捂出病来。看来只能做屉布用了。 http://t.cn/RJ7nhaA http://t.cn/RJ7nhaA 显示地图 原图 ,2020/5/16 15:53,19,7,30
J2cedfV3f,浑江发布,女,吉林,29,660,浑江发布:【白山市浑江区江北街道联合包保单位，全力做好疫情防控工作】 5月16日上午，江北街道严格落实区委、区政府关于防控疫情工作安排，采取全覆盖拉网式排查，以社区为主体，五家包保单位区委宣传部、总工会、科协、老龄委、司法局下沉至社区，浑江区城管大队也加入其中，全员出动全面开展排查工作。通过挨家挨户开展拉网式入户走访排查，确保“不漏一户、不漏一人”。      在排查中，工作人员仔细询问每户家庭有几位成员、家里有没有从重点地区回来的人员、家里人有没有发热、感冒、咳嗽等异常情况，重点对从外地回来的人员进行信息登记。同时，提醒住户尽量减少外出，外出时一定要戴口罩做好防护，不参与走亲访友、家庭聚会活动，做好居家防护措施。在排查过程中大家仔细询问了居民吉祥码注册使用情况，指导没有注册人员进行注册，确保在排查中一并提高吉祥码的注册率。 [组图共7张] 原图 ,2020/5/16 15:53,0,0,0
J2ce2BiRb,城市晚报官方微博,女,吉林,1249,4397962,城市晚报官方微博:【最新公告！吉林市这些场所全部暂停营业！】#吉林疫情# 关于关停所有个体诊所和门诊部的公告根据当前疫情工作情况，经吉林市新型冠状病毒肺炎应急指挥部研究决定，现将有关事项公告如下:一、从2020年5月17日0时起，全市所有个体诊所、门诊部暂停营业，不得开展诊疗活动，有就诊需求的群众请到各相关医疗机构就诊；凡是发热病人一律到发热门诊就诊。二、所涉及的个体诊所和门诊部应迅速通知已预约的病人暂缓就医，并做好相关解释工作。三、各县（市）区卫生健康行政执法人员要立即开展监督巡查，及时核查关闭情况，一旦发现未执行疫情防控措施的，立即关停并依法严肃查处。四、个体诊所和门诊部恢复营业的时间根据疫情发展情况另行通知。咨询电话：0432 69952666来源：吉林市卫生健康委员会 原图 ,2020/5/16 15:52,47,5,6
J2cdX2Lqc,大眼瞪中眼,男,其他,12,14,大眼瞪中眼:今天骑车去参观龙腾葡萄酒博物馆，这是一处3A级景区，我在瑟瑟寒风里骑了15公里，到地方才发现，因为内部装修已经关门好久了，真是白跑一趟。后来又到附近的一处平庄乡野公园，没想到因为疫情的缘故暂时不开放，晕死我了。这次到北京才发现，北京比我河南要落后一个月，现在很多地方还不开放，包括北师大校区，进居民小区还要看出入证，进公园还要量体温。 ,2020/5/16 15:52,0,0,0
J2cdQv9ul,一路向锐,男,北京,4295,19412,一路向锐:#一路向锐[超话]#胸肌训练教程 男人们的门面 五个胸部计划Vlog来喽！来源@Rainbow-齐 #健身##健身打卡##运动就是坚持##运动打卡##春日运动季##运动星力量##夏日撩人季##夏日运动正当时##探索家不停##大咖带你宅家练##胸肌训练##胸肌# 这次我们边练边讲 每个动作的细节⭐1️⃣：杠铃平板卧推2️⃣：哑铃上斜卧推3️⃣：器械坐姿推胸4️⃣：双杠臂屈伸5️⃣：龙门架夹下胸6️⃣：龙门架核心夏天到了 疫情也快过了 快约上你的搭档一起GYM锻炼吧 提高身体素质 强身健体吧[加油]  http://t.cn/A6AkznmG ,2020/5/16 15:52,3,0,0
J2cdKD6fe,医药导报,女,重庆,102,7829,医药导报:【明起吉林市所有个体诊所、门诊部暂停营业】根据当前疫情工作情况，经吉林市新型冠状病毒肺炎应急指挥部研究决定，现将有关事项公告如下:一、从2020年5月17日0时起，全市所有个体诊所、门诊部暂停营业，不得开展诊疗活动，有就诊需求的群众请到各相关医疗机构就诊；凡是发热病人一律到发热门诊就诊。二、所涉及的个体诊所和门诊部应迅速通知已预约的病人暂缓就医，并做好相关解释工作。三、各县（市）区卫生健康行政执法人员要立即开展监督巡查，及时核查关闭情况，一旦发现未执行疫情防控措施的，立即关停并依法严肃查处。四、个体诊所和门诊部恢复营业的时间根据疫情发展情况另行通知。咨询电话：0432 69952666吉林市新型冠状病毒肺炎疫情防控工作领导小组2020年5月16日 原图 ,2020/5/16 15:51,1,1,0
J2cdJpRzZ,姆们说,女,北京,1620,163386,姆们说:#姆们说# 【#吉林市关停所有个体诊所和门诊部#】#吉林关停所有个体诊所和门诊部# 5月16日下午，吉林市发布关停所有个体诊所和门诊部的公告。公告如下:一、从http://t.cn/A6Akbbf5 ，吉林市所有个体诊所、门诊部暂停营业，不得开展诊疗活动，有就诊需求的群众请到各相关医疗机构就诊；凡是发热病人一律到发热门诊就诊。二、所涉及的个体诊所和门诊部应迅速通知已预约的病人暂缓就医，并做好相关解释工作。三、各县（市）区卫生健康行政执法人员要立即开展监督巡查，及时核查关闭情况，一旦发现未执行疫情防控措施的，立即关停并依法严肃查处。四、个体诊所和门诊部恢复营业的时间根据疫情发展情况另行通知。咨询电话：0432 69952666（央视新闻） 原图 ,2020/5/16 15:51,0,0,0
J2d8TvgUU,小怂鸭,男,江苏,80,91,小怂鸭:#鹿鼎记[电影]# 之前疫情期间天天晚上一部星爷来着～这部存了好久 解构了原著加了很多俗的低级趣味 不过还是挺好看的 但是艺术质量上没有很出色 但是 我觉得对反清复明的解读很精彩 哪有什么民族复苏 想的都是重新掠夺统治地位 只是异族入侵借口更好听一点 同理义和团运动 我记得高中历史老师认为历史书学者是在美化义和团还有太平天国的 但他们做的也不比清政府好哪去 [组图共6张] 原图 ,2020/5/16 18:12,0,0,0
J2d8bhkv6,的一个网上邻居,男,浙江,56,11785,的一个网上邻居:#河南大学[超话]# 咳咳。河大人自己的校内论坛上线了微信小程序中的朵朵校友圈，找到河南大学即可啦！通过回答十道河南大学知识题，或者传学生证即可通过认证，里边可以发布信息，提问题，找队友，攒局，约饭等等。还有文献写作技巧和复试面试经验等，定期采访河大老校友，分享干货。还有夜间的匿名模式供大家吐槽当树洞。来找到河大小伙伴吧！#开封身边事##开封·河南大学仁和学生公寓[地点]##河南大学##开封·河南大学(明伦校区)[地点]##疫情防控 开封在行动##河南大学公益林# http://t.cn/AigL3eVz 显示地图 [组图共3张] 原图 ,2020/5/16 18:10,1,0,2
J2d6opfew,zhuyun2000,男,上海,68,26,zhuyun2000:携程在手，说不退款就不退款，能奈我何！最新更新:  放弃跟携程沟通，转而跟马航沟通，经过协商，航司同意补偿抵用券，可以下次订票时抵扣。回顾此事件，携程大概在国内处于领先地位，近几年来各种负面事件不断，完全不顾及消费者利益，已决定从此开始，彻底放弃携程。5.5号联系马航，客服依然表示可以全额退，不理解为什么携程拒绝帮助办理，我也很不理解，只能已最坏的恶意来揣测携程的意图了。已保存通话录音。   5.1联系上了携程客服，回应会帮我跟航空公司核实，节后5.6号给我回复。   携程短信回复，无法满足要求，意思就是不能退。明天再跟航司确认和继续跟携程交涉。   大家注意，携程依然是短信通知！   19年9月在携程预定2.5上海往返新加坡的航班，2.1因为疫情取消，携程收取高额退钱费，在航空公司明确表示可以全额退的时候，依然收取高额退票费。各个渠道投诉携程都没用，携程自依然是一句自愿退票结束。请问，新加坡都限制入境了，我能不退票？航空公司都出政策可以免费退票，且电联航空公司，航空公司客服明确表示可以重新操作退票就可以，携程依然不退，这是为何？更恶劣的是，携程再也不电话联系，直接一条短信告知就结束，打电话过去永远是机器人，携程这是店大欺客吗？携程自己的政策，起飞前都可以全额退票，App上自助退就可以，请问，这个政策是给谁看的呢，如何执行的呢？普通市民在事实如此清楚的情况下，维权怎么就这么难呢？@头条博客 @消费者投诉网 @微博315 @CCTV315 @经济之声天天315 @微博315 @315消费观察 @12315投诉热线@民航局消费者事务中心@马来西亚航空 ,2020/5/16 18:06,0,0,0
J2d5uiYCM,joy-tian1985,女,山东,60,6,joy-tian1985:严寒的寒冬过去了，令人胆怯的疫情也慢慢退去，人们的生活渐渐步入正轨。但有些事情确无情的继续围绕着你，持续不断的消磨着对这个社会仅有的一点信心。家里的主要经济来源没有了，失去之前的工作不怕，关键是能不能重整旗鼓，继续前进。一个多月了，也不知道到底能怎样？不敢再催促了，顺其自然吧，大家都说，船到桥头自然直，关键是这个船最后怎么行驶呢。工作多多少少的有些不顺利，多事的客户不断的找问题，心里一百遍一万遍的说着不要再有他的订单了，但真的是不理你，不在继续发订单草稿件过来的时候，心里的失落感顿时剧增。证明我彻底要失去这个客户，我跟客户的沟通出现了问题。特别是今天，心情无比的低落，都怀疑自己有抑郁了，心里的莫名不安，搅乱了我的工作节奏，没有办法安心工作。还好，今天要结束了，没有出现什么问题，希望明天一切都好。买了考拉小巫的书，试着让自己自信起来，试着努力让自己优秀起来，过去半辈子了，这次肯定是最后的挣扎了。希望自己可以坚持下来***** ,2020/5/16 18:04,0,0,0
J2d4Sr5sw,白姐说球,女,广东,105,565819,白姐说球:#综合体育# 日本羽毛球队6月中旬集训 桃田贤斗术后首次归队（东京15日综合电）据日本媒体周二报道，日本国家羽球队定于6月中旬开展集训，此前眼窝底骨折接受手术的男单世界第一桃田贤斗将在术后首次归队训练。自3月中旬的全英赛结束后，世界羽联暂停了8月份之前的所有国际羽球比赛，日本国家队也因疫情一直处于休眠状态，选手们都在各自所属的俱乐部或者家中单独训练，但训练条件差异太大，训练效果难以保证。 原图 ,2020/5/16 18:02,252,56,24
J2d4EvmQc,参考消息,男,北京,136,13536205,参考消息:【境外媒体关注：#全球航空业缓慢复苏# 2023年前难恢复元气】境外媒体报道称，国际航空运输协会（IATA）说，新冠疫情对航空旅行的影响将持续多年。自新冠疫情暴发以来，欧洲和美国的航空旅行需求已下降90%以上。如果封锁措施和旅行限制继续延长，复苏将更加缓慢。据估计，航空客运量至少在2023年之前都不会反弹到危机前的水平。http://t.cn/A6AkaJMO 原图 ,2020/5/16 18:02,37,9,4
J2cRk5OBe,牛神nddpg111,男,湖南,1132,601923,牛神nddpg111:#海南#  《海南华侨》之《侨界万心 大爱无疆——海南侨界抗击新冠肺炎疫情纪实短片》。海南疫情期间，海南华侨关注家乡、支持家乡，大力支持海南抗击疫情，纷纷捐款捐物。。谱写了感人故事。视频来自中国新闻网频道。 牛神nddpg111的微博视频  ,2020/5/16 17:29,5,0,3
J2cNd3ETz,冻豆腐小姐,女,辽宁,157,379,冻豆腐小姐:幼儿园不开门，芭提雅平常长在了奶奶家。磊哥今年无休，我只有在不加班的周末才能把芭提雅接回来。还常常刚接回来就通知我加班！带娃下乡也是没谁了！今天给他洗完澡，合计再掏掏耳朵。按常规动作，直接就用棉签掏了，可我用电筒照了照，亏了照了照！这么大个金属圈横在耳朵里！看样子得有好几天了！想想都后怕！疫情不结束，幼儿园不开学，还无休止的随时艾特我加班！只敢匿名dissXXX！ [组图共2张] 原图 ,2020/5/16 17:19,0,0,0
J2cJtoQL2,我不是晴晴任同学,女,海外,198,544,我不是晴晴任同学:从笔试成绩落后到面试第二 成功逆袭从疫情的爆发导致体检政审推迟到这周顺利入职以后的路还是依旧要努力呀🌸  [组图共3张] 原图 ,2020/5/16 17:10,15,0,16
J2cFF24Am,用户6077851215今夕何夕,男,其他,64,18,用户6077851215今夕何夕:美国总统特朗普把绝大部分的精力用在污蔑，打压中国上了，打压中国的目的是转移掩盖防控抗疫不力的事实，越打压中国越不利于控制疫情，想连任总统就得控制疫情，恢复经济，这个怪圈特朗普跳不出去，形成了恶性循环。整个共和党把能从竞选获胜，坐在总统宝座的赌注押在特朗普身上，所以，共和党拼命诋毁中国，不惜与中国打一场冷战，这需要中国加强核武库建设，做个称职的对手。使美国对中国局限在冷战阶段。共和党带领美国重返麦卡锡时代，是逆历史潮流而动。美国国内没有人敢公正对待中国，如果这种做法持续下去，中美断交不是没有可能，但是中国不会像前苏联被美国整垮，如果中国能在科技发展中追上美国，就能反超美国。中国人的和为贵的治国理念远远强于美式霸权，世界各国包括西方盟国在内，都知道中国好相处，但摄于美国的实力，没有胆量反抗拒绝美国的领导，就像中国战国时期的秦国，各国都依附在秦国身上，最后都吃亏，让秦国渔利。当然，现在的世界是放大版的“中国战国时期”。只要中国内部不乱，思想上从真诚与美国合作转变到防范美国。中俄俩国不犯相互猜忌的战略错误，美国就没有任何办法各个击破，努力形成新的战略平衡。 ,2020/5/16 17:00,0,0,0
J2cFp71uW,宁波机场阳光服务,女,浙江,496,99169,宁波机场阳光服务:#社会热点# 【#赵立坚回击美官员称中国传播5次瘟疫#：胡言乱语】据报道，美国总统国家安全事务助理奥布莱恩12日称，在过去的20年里，中国对外传播了5次瘟疫，包括非典、禽流感、猪流感和新冠肺炎。对此，14日举行的中国外交部例行记者会上，发言人赵立坚表示，美国政客为了抹黑别人，经常胡言乱语。奥布莱恩应该搞清楚事实再说话。据媒体报道，2009年猪流感公认始于美国，艾滋病也最先在美国暴发。我们始终认为，流行性疾病不分国界、种族，是人类的共同挑战。疫情可能在任何地方随时发生。疫情当前，美国政客不应一味“甩锅”、推责，这解决不了美国的问题。他们应该把精力放在做好自身防控工作、促进国际合作上，这才是他们应该做的。 ,2020/5/16 17:00,0,0,0
J2cFfCAgO,报佛恩德,女,山东,338,89,报佛恩德:#关注全球疫情防控#佛读机是师父专门订做的，师父从觉悟中给十方众生开示，给十方众生超度皈依。其内容如下：阿弥陀佛，阿弥陀佛！十方法界万法万象万物灵气，十方法界万法万象万物众生。我是阿弥陀佛的学生，我生在人间，念佛修行在人间，定觉：在世如来。按照阿弥陀佛的心愿，尽心尽力普渡十方众生，我把佛法介绍给大家。阿弥陀佛是让大家脱离痛苦烦恼的苦海，脱离六道生死轮回，是让大家往生西方极乐世界，往生就是无量寿，无量寿就是和虚空同体，永不生灭，就是让大家做宇宙真人，和宇宙同体，进一真法界，就是极乐世界，极乐世界无有众苦，但有欢乐，随心而乐，定为极乐！极乐世界大地是金银琉璃、珍珠玛瑙做大地，使用的东西是一宝、二宝、三宝、四宝、五宝、六宝、七宝、八宝合成。西方极乐世界的树，都是发出无量宝香，叫做无量宝香树。西方极乐世界的花草，亿那花草，现亿那光线，庄严净土。往生西方极乐世界，三十二相，八十种好，在西方极乐世界供养十方诸佛，分身无数，变化无穷的自在。西方极乐世界的好处，我们用千言万语汇成一句话，就是西方极乐世界那么好、那么好，一切都是那么好的世界。阿弥陀佛正在西方极乐世界说法！我介绍大家皈依。十方法界万法万象万物灵气，十方法界万法万象万物众生，咱今天的这个皈依一例不舍。皈依佛：就是皈依西方极乐世界，阿弥陀佛！皈依法：持佛名号，不可思议，念佛成佛，阿弥陀佛。念佛是因，成佛是果。皈依观世音菩萨、大势至菩萨。跟着观世音菩萨学诸恶莫作，众善奉行，慈悲善良，爱护天下苍生，严守五戒戒律，做到能忍能辱，跟着大势至菩萨学：阿弥陀佛让大势至菩萨念佛，大势至菩萨听从阿弥陀佛的教导，坚固道心，至心信要。念佛真慧，得三摩地，智慧第一。以念佛心求生净土，以念佛是因，成佛是果，得三摩地。十方法界万法万象万物灵气，十方法界万法万相万物众生。咱们今天皈依佛、皈依法、皈依观世音菩萨、大势至菩萨。咱今天皈依。什么时候不能忘记自己是阿弥陀佛的学生，是佛的皈依弟子。十方法界万法万象万物灵气，十方法界万法万相万物众生，咱们要都像观世音菩萨，那么善良，整个宇宙一粒恶缘没有。要都像大势至菩萨那么专修，咱这整个宇宙都是极乐世界。观世音菩萨表慈悲，大势至菩萨表智慧，念佛的智慧，阿弥陀佛是无量寿佛，称为西方三圣。什么时候不能忘记自己是阿弥陀佛的学生，要把握这个机缘，一心一意好好念佛，念佛就是修行，念佛是念的十方佛、法界佛、自己的真如本性佛。念佛的时候找个清净的地方，独一处静下心来念佛，发大愿力：念佛如不真入本性，绝不停止念佛，绝不起座！念佛要有决心，要有毅力，咱们共同念佛！阿弥陀佛，阿弥陀佛，阿弥陀佛，阿弥陀佛，阿弥陀佛……俗名:李庆芝法名:缘法祥 http://t.cn/R2WxTq1 显示地图 [组图共2张] 原图 ,2020/5/16 16:59,0,0,0
J2cFfBzDg,闻所未文,女,北京,2200,112180,闻所未文:#共同战疫#  #外交部回应中方准备对美方滥诉活动进行反制#【外交部：敦促美方停止对中国的诬蔑抹黑】5月14日，在外交部例行记者会上，外交部发言人赵立坚称，美国一些人自己抗疫不力，辜负了美国民众信任，却不认真思考如何改进工作，反而大搞诿过于人、推卸责任的政治操弄，想方设法对中国提出滥诉、搞所谓追责。日前，美国媒体披露的共和党有关通过“积极攻击中国”以应对疫情的备忘录，将这些人的伎俩曝光于世。中方敦促美方停止对中国的诬蔑抹黑，停止审议推进有关反华议案，制止针对中方的滥诉行为，把精力更多放到抗击疫情和维护美国人民生命健康上去，不要再搞这种无聊的指责游戏。 #全球抗疫第一线#  #美国疫情# #美国卡车运新冠尸体消毒后运食品# #美国确诊新冠肺炎超144万例# #特朗普崩溃了# #特朗普与女记者僵持不下转身就走#  http://t.cn/A6ArDYxZ ,2020/5/16 16:59,0,0,0
J2cFerEiC,海南大学团委,女,海南,352,37013,海南大学团委:【#小汇微分享# 泪目！#消防员归来偶遇82岁奶奶#】近日，@合肥消防 消防员陈号春出火警归来的路上，看到了自己的奶奶。经指挥员同意后，他赶紧下车和奶奶见了一面。#奶奶偶遇消防员孙子却挥手让他走#。原来，自从陈号春2014年成为一名专职消防员后，老人每逢警笛响起就一定会出来探望，看能不能看一眼孙子。因为疫情影响，这是祖孙俩两个多月见的第一面。http://t.cn/A6A30fy5 ,2020/5/16 16:59,1,0,0
J2cEUzCKi,从宇宙黑洞飞出火凤凰,男,四川,280,15681,从宇宙黑洞飞出火凤凰:#疫情之下的美国# 【美国密歇根州反居家令示威者出现肢体冲突】5月14日美国密歇根州首府兰辛市（Lansing）再次出现民众聚集抗议州政府的“居家令”。当天虽然下大雨但仍然有数百抗议者聚集，据报道其中部分有携带枪支，而活动过程中更出现了为抢夺国旗而发生的肢体冲突。  http://t.cn/A6AehVq2  ,2020/5/16 16:58,0,0,0
J2cEnvAXU,晓烽晓烽,女,黑龙江,201,362,晓烽晓烽:【2020第137天】疫情以来，好几个月没去过饭店了，上次下馆子好像是过年前的事了，好遥远的样子。响应疫情防控号召，不聚餐，不聚会，不聚集，母亲节和老爸生日也都没聚，今天趁周末这个好天气，家人们一起出来野餐，再续亲情。今天在外边玩的人可真多，偕老带幼拖家带口的都到野外聚会了，都说饭店的人不多，都把人们挤兑到户外了。昨晚跟闺女去了趟夜市，那人也算乌泱乌泱的了，在小吃街夜市的出入口有人测温，要求扫码进入，还说这管理也不错嘛，可是走进去就不那么回事了，看见满眼的人群都摘了口罩在吃，尤其在麻辣串档口，几乎每家都爆满，人挨人都在吃的很香。有件事百思不得其解，能戴好口罩买菜的早市不让开，摘了口罩密集吃饭的夜市可以开，到底是为啥呢？ [组图共6张] 原图 ,2020/5/16 16:57,0,0,0
J2cDM2Izk,范小静Tammy,女,广东,325,385,范小静Tammy:当年今日，应该是16年，接近3岁的时候#成长日记# 昨晚妈妈疫情后第一次和朋友约吃饭没有提前告诉小朋友在吃的时候已经视频追魂call，誓死不接后来发了条语音说不能视频觉得这妈太衰了，这借口幸好买了特价寿司回去小朋友说，还以为妈妈去哪里了，原来是去给我买寿司了妈妈下次还给你买 [组图共2张] 原图 ,2020/5/16 16:56,0,0,0
J2cDhdClc,咪咪不色,女,北京,1088,859,咪咪不色:美国当地时间5月13日，据《新闻周刊》报道，3月以来，纽约等疫情重灾地区将冷藏卡车用于存放和运输尸体。5月13日，美国食品药品监管局（FDA）发布指导手册，明确运尸卡车彻底清洁消毒后可运送食品。该指导意见并未事先征求公众意见，FDA称没有必要让公众预先参与。有网友评论“感到有点恶心！谁会用运尸车来存储食物。” http://t.cn/A6AeLxjk ,2020/5/16 16:54,0,0,0
J2cCCbjqU,映象网,男,河南,1475,2938032,映象网:【六集电视政论片《雄关》今晚播出第六集：向阳而生】由省委宣传部、河南广播电视台联合制作的六集电视政论片《雄关》，今晚播出第六集《向阳而生》。这一集讲述的是面对疫情冲击，各类市场主体和它们之中的普通个体经历着严峻的考验，在政府政策救助和支持下，他们砥砺前行，把危机转化为发展契机，在变革中把疫情影响降到最低。河南大象物流公司总经理 靳海涛：只有抓住机会主动调整，才能活下去。疫情下的人们经历了什么样的悲欢交加？从国有企业到基层干部，他们怎样彰显使命担当？复学复课背后又有着怎样的故事？今晚《雄关》第六集《向阳而生》将为您一一讲述！播出时间：河南卫视19：35，新闻频道21：30，大象新闻客户端，河南广电全媒体多平台同步呈现。  http://t.cn/A6AkVahU ,2020/5/16 16:53,0,0,0
J2cC4xA1m,中原网,男,河南,875,1509590,中原网:【焦作幼儿园卖馒头自救 幼师街头吆喝，园长：现在最大的期望是早日复学】5月15日，河南沁阳，受疫情影响，幼儿园停学4个月，一园长带着23名教职员工上街卖手工馒头自救。园长称，首日线上售卖只卖了30元，还是1个家长为了支持购买的，后来上街卖才打开销路，现在最大的期望是早日复学。http://t.cn/A6ADsUuA ,2020/5/16 16:51,2,0,1
J2cBV2yra,綮卿,男,浙江,3870,906,綮卿:#凤凰新闻#【回中国就要放弃永久居留权，大批华裔美梦破碎，一张机票55万天价】随着全球疫情局势越来越严峻，为了更好的控制住疫情，很多国家都施行了锁国，比如澳大利亚。澳大利亚的疫情还是非常严重的，也正是因为这样越来越多的华裔想要回国，但如果...http://t.cn/A6Akf2ue来自@凤凰新闻客户端  原图 ,2020/5/16 16:51,0,0,0
J2cBjeyVi,媛崽体育,男,广西,2115,91,媛崽体育:#中超将取消握手环节#据新华社报道，中国足协向各级俱乐部通报了足协初步拟定的联赛防疫防控工作方案。其中提到新赛季中超将大幅度简化入场仪式流程，例如牵手门童、吉祥物、内场展示等都会取消，也不会有赛前赛后球员、裁判握手，以最大限度减少接触。 除了空场进行，随着疫情防控不断好转逐渐开放球迷入场比例外。据了解，各赛区需严格控制内场人员的数量，减少不必要的聚集。除此之外，过去每场比赛将见到的赛前赛后双方球员与裁判将取消或采用其他方式替代。新赛季中超将简化入场仪式流程、取消牵手门童、吉祥物、内场展示、取消球员及裁判员握手礼简化赛事新闻活动等，最大程度避免人员聚集造成的交叉感染。 原图 ,2020/5/16 16:49,0,0,0
J2cAFjPRv,新浪山东头条,男,山东,738,1758877,新浪山东头条:【#威海#3000吨聚砜树脂产业化项目正式开工】#威海3000吨聚砜树脂产业化项目正式开工#   16日上午，山东省举行重大项目集中开工活动。威海开工项目是山东浩然特塑股份有限公司年产3000吨聚砜系列树脂研发及产业化项目，总投资1.4亿元，将打造国内最先进的聚砜全系列产品生产线，逐步实现医用级、电子级应用进口替代。近期，威海开工了76个亿元以上项目，总投资335.7亿元。下一步，威海将把项目建设作为经济工作的生命线，全力以赴促落地、促开工、促投产，为全省夺取疫情防控和经济社会发展“双胜利”作出威海贡献。#这就是山东# via.齐鲁网  http://t.cn/A6AkVj0d ,2020/5/16 16:48,1,0,0
J2cAF4CWM,青海职业教育平台,女,青海,34,92,青海职业教育平台:#BIM# “全国BIM工程师专业技术等级考试”第七期报名、考试工作的通知各相关单位：    根据国务院办公厅《关于促进建筑业持续健康发展的意见》(国办发〔2017〕19号)、住房城乡建设部《关于推进建筑信息模型应用的指导意见》(建质函〔2015〕，为加快推进我国建筑信息模型(BIM)应用的步伐， 邮电通信人才交流中心积极开展全国信息与通信人才BIM专业技术等级考试项目，现将第六期“全国BIM工程师考试”报名、考试工作做如下通知：一、因疫情影响，本期全国BIM工程师考试全部采取线上机考形式进行。具体安排如下： 原图 ,2020/5/16 16:48,0,0,0
J2cAoepoN,城市追擊傳媒,女,香港,395,48236,城市追擊傳媒:#意大利疫情# 【#意大利6月3日撤封关令#恢复出入境旅游】意大利一度是欧洲的新冠肺炎疫央，该国政府周六（16日）同意解除封关令，将由下月3日起重新允许旅客出入境，国内旅游限制亦将解禁，此举被视为意大利 复苏的里程碑。 总理孔特继续强调逐步松绑的方针，以防止爆发第二波疫情。#意大利6月3日恢复出入境旅游# 意大利在2月下旬爆发新冠肺炎，疫情迅速蔓延，政府在3月下令全国封城，为首个实施同类限制的欧洲国家，措施至今仍属全球最严格之一。  6月2日为意大利共和国日的国庆假期，政府为免民众在长周末大规模出游，故将解封的日子定于国庆翌日。 此举料为即将迎来传统夏日旅游旺季的商家带来及时雨，有望缓解疫情引发的经济冲击。 意大利的商户可在下周一（18日）重开，市内的封城令亦将于同日解禁，意味着民众可探访亲友。 意大利周五（15日）新增了789宗新冠肺炎病例，全国累计有近22.4万宗确诊；其中逾3.1万人病死，死亡数为全球第三高，仅次于美国及英国。 原图 ,2020/5/16 16:47,2,2,0
J2cAmE7Ne,西南民大化环学院,女,四川,113,1111,西南民大化环学院:#西南民大化环学院[超话]##今日分享#             突如其来的疫情，打破了昔日繁华热闹的城市，只剩空无一人的街道和安静矗立的各大地标，而灯火通明的医院里每一间病房都住满了患者，透过镜头仿佛都能感受到病房里急促的呼吸和心跳。#中国医生战疫版#带你走进疫区，走进那些冲在前线医护人员的抗疫日常。[good]（视频via.纪录片中国医生） http://t.cn/A6AkVQLm ,2020/5/16 16:47,3,0,2
J2cAf3Ttr,六盘水市检察院,男,贵州,4580,27968,六盘水市检察院:【周知！#十三届全国人大三次会议相关调整#】全国人大外事委员会主任委员张业遂表示，为有效防控疫情，今年大会：①#十三届全国人大三次会议会期考虑适当缩短#，具体议程、日程将分别由会前召开的预备会议、主席团第一次会议通过；②邀请部分在京的中外记者采访会议，#不邀请境外记者临时来京采访#；③新闻发布会、记者会、“代表通道”“部长通道”等采访活动将适当精简，创新形式，采用视频方式进行。 原图 ,2020/5/16 16:47,1,0,0
J2cA7EGfn,中安在线,女,安徽,695,31806,中安在线:【不仅小朋友会忘记！成都一#大学生假期结束认错辅导员#】由于疫情原因，小朋友们在家已经待了好几个月，等到学校开学，很多小朋友认不出自己的班主任。不过这个情况不止发生在小朋友们的身上。成都文理学院的一名大学生，在经历了4个月的假期后，竟然也认错了自己的辅导员。@燃新闻 http://t.cn/A6AeYfMR ,2020/5/16 16:47,0,0,0
J2czMFPoZ,屁桃兔叽,女,澳门,993,2565,屁桃兔叽:20200516视频通话repo🦈：你好～：你好你好！天哪！（脑袋空白整个人趴桌上）🦈：（笑了一下）：太好看了！🦈：谢谢～：（太紧张）完了说不出话了！🦈：没事慢慢说：我本来就是在澳门读书嘛 我是广东人嘛🦈：对：（脑袋又一片空白）我的天啊！怎么那么好看..🦈：啊？：我说你！（超大声！）太！好！看！啦！🦈：哈哈谢谢谢谢：然后就是本来澳门两天都买了想看嘛 然后就好可惜🦈：啊对 很可惜啊：你们还会到澳门吗 还有机会吗🦈：有机会的话一定会去 因为疫情 就现在 等全部都安全了以后 之前没去成的地方 能去的话都会去 尽量去：好的 好的 ：我就还想问一下你 耳返上不是有地球和花嘛 对吧🦈：（点头）对：有什么意思吗🦈：我本来想弄的是那个库里的号码、还有勇士的图标，但是他们说可能不太好（不太好弄）。所以我就在网上找壁纸，找到了一个地球和一个花。然后 就：就没有什么别的内涵吗哈哈哈哈🦈：没有内涵 （笑）就内涵 非要讲内涵的话就是 地球 地球上有花 然后 没了：你是小王子吗哈哈哈哈🦈：就还挺好看的（卡了一下啥都听不到）：最近看你 像综艺里面 就好高冷噢 🦈：（笑了一下）：是不是要变成一个成熟帅哥了🦈：对 不能一直都像小孩：我觉得你已经非常成熟了 就思想什么的🦈：是吗：我跟你同一年的..（还没说完）🦈：啊 你跟我是同一年的是吗：对呀🦈：（看了一下资料？或者是记录？）噢你是01年的！：哎呀！不如祝我明年生日快乐吧！🦈：好！生日快乐～🦈：啊..19岁..你已经 已经 嘶..（思考）（接下来两句对话几乎是同时说的）：我已经十九了.. 🦈：二十岁：十九十九 🦈：噢十九岁🦈：然后二十岁生日快乐！（挥笔）：然后还想问下你 身高有没到一八零啊🦈：一八零不可能 现在暂时不可能现在176吧 177 178 这三个数字当中 ：那你这个身高 就很适合当我男朋友喔🦈：（笑）（笑出猫咪纹那种笑）：对不起对不起对不起🦈：..好吧：然后你不要担心那些不喜欢你的人 看喜欢你的人就好了 坚持自己就好了🦈：没关系 不会在意的：然后 你可以叫我名字 然后说雅思加油吗🦈：（看了下资料）（名字）雅思加油！：加油 你也加油🦈：拜拜 下次见 下次见 拜拜：拜拜拜拜 加油加油（最后拜拜的时候说不出啥了自己给他比了赞赞他也比了然后比个心没想到他也比了半个谢谢谢谢谢谢谢谢）钟辰乐整个人巨温柔巨好看巨可爱⸝⸝⸝ᵒ̴̶̷̥́ ⌑ ᵒ̴̶̷̣̥̀⸝⸝⸝我嘴太笨脑子一片空白浪费好多时间55 http://t.cn/A6AkVCIA ,2020/5/16 16:46,2132,570,84
J2czIvQTj,成都共青团,男,四川,4968,2434350,成都共青团:#小青爱分享#【不仅小朋友会忘记！成都一#大学生假期结束认错辅导员#】由于疫情原因，小朋友们在家已经待了好几个月，等到学校开学，很多小朋友认不出自己的班主任。不过这个情况不止发生在小朋友们的身上。成都文理学院的一名大学生，在经历了4个月的假期后，竟然也认错了自己的辅导员。http://t.cn/A6AeYfMR ,2020/5/16 16:46,8,0,5
J2czBcugR,平平安安21ver,女,湖北,80,104,平平安安21ver:我本身就比较讨厌有人来家里串门，还有同不熟的人距离太近，而当下这两点不是就更应该避免吗？前者是没什么问题的，后者…我真的很无语，形式主义的工作口号那么多，为什么同事之间交流还要经常离那么近？一米以上很难吗？非要我不停地说“离远点”很愉悦？截图就可以看到了为什么非要过来看我电脑？还有外面那些不认识的人也是，买个东西有问题指着问就完了，为什么非要用手去碰别人正在结账的东西？就算没有疫情你这也很不礼貌好吗？！就都不知道这些人到底是心大还是没素质真是看着人毛躁死了！ ,2020/5/16 16:45,0,0,2
J2czmBhPX,每日经济新闻,男,上海,704,46938503,每日经济新闻:【#意大利自18日起进一步放开疫情管控#  #意大利6月3日起开放边境# 】意大利内阁当地时间5月16日发布法令，决定从5月18日起，进一步放开疫情管控措施。并从6月3日起取消意大利境内出行限制措施并开放边境。出行限制方面，从18日起在意大利各大区境内出行不再受限制，但除健康、工作原因和其他紧急情况之外仍禁止跨大区出行；6月3日起取消意大利境内出行限制，同时根据疫情风险等级，按照欧盟和有关国际法规，取消出入境限制；新冠病毒感染者在治愈前或被医疗机构收治前必须在住所进行隔离，禁止外出；密切接触者须进行预防性隔离；禁止在公共场所人群聚集活动，但在符合安全规定的情况下，可以进行宗教活动。经济活动方面，法令规定餐厅、酒吧、理发店和商场等经营场所可在符合防疫规定的前提下开始营业；保持社交距离至少1米，在无法保持社交距离的情况下必须佩戴口罩；民众可前往餐厅就餐、酒店住宿、外出购物、前往海边度假，但体温超过37.5度或有疑似症状不得出行。违反有关出行限制措施规定，会根据情节轻重被处以400~3000欧元的行政罚款，驾驶机动车违规，罚款额增加三分之一；违反商业活动规定，将被勒令停业5至30天，屡次违规将加倍行政处罚。自5月4日宣布进入疫情第二阶段，开始“解禁”以来，意大利新冠病毒感染人数总体保持下降趋势。截至15日，该国累计感染223885例，现存确诊降至72070例。（央视新闻；ZY） 原图 ,2020/5/16 16:45,1904,60,252
J2cz5uNCN,北京鸟人的视界,男,其他,10,2,北京鸟人的视界:会议强调，要在做好常态化疫情防控的前提下，围绕重点产业链供应链、龙头企业、重大投资项目，打通堵点、连接断点，加强要素保障，促进上下游、产供销、大中小企业、海内外协同复工达产。持续推广运用“北京健康宝”，规范防疫二维码。稳步推动餐饮、商场、便利店、文化、旅游等生活服务业恢复到正常水平。 http://t.cn/ELT0hke 显示地图 ,2020/5/16 16:44,0,0,0
J2cz4FSx2,CCTV4,男,北京,340,4591839,CCTV4:【#两会声音##两会30秒# 东北大学校长：解决毕业生就业，学科改造势在必行】近期，随着毕业季的临近，加上新冠肺炎疫情对就业市场的冲击，毕业生就业问题成为了议论焦点。对此，全国政协委员、东北大学校长及东北振兴研究院院长赵继就表示，就业市场早已发生改变，新冠肺炎疫情仅是倒逼高校开始重新审视这一问题，大学学科改造势在必行。（禹瑞斋）#全球抗疫进行时# http://t.cn/A6Akwk4X ,2020/5/16 16:44,14,4,0
J2cyZzrfH,武汉晚报,女,湖北,424,7458386,武汉晚报:#关注全国两会2020# 【全国人大代表毛宗福：社区做好防控，复工复产才能安心上正轨】全国人大代表、武汉大学全球健康研究中心主任毛宗福表示，在重大疫情面前，没有人能置身度外，更不能有旁观者，我们应是积极参与者。现在疫情防控的重点还是在社区，我们把社区的防控工作做好，复工复产才能安心上正轨。（记者徐佳 刘晨玮 拍摄肖僖 制作熊丽 ）  http://t.cn/A6Ak2VPB ,2020/5/16 16:44,1,0,0
J2cyUiZHm,苏黎世少年郎,男,海外,613,9034,苏黎世少年郎:#瑞士疫情##海外抗疫日记##毕业季# 受疫情影响，同事的毕业答辩改为Zoom。该有的流程还是要有，虽不能像往日一样庆祝，但学位帽🎓还是要做的～昨天下午跟同事俩人的进展～这已经是我做的第四个了～有点期待自己答辩的🎓会是什么样子 瑞士·苏黎世  显示地图 [组图共3张] 原图 ,2020/5/16 16:44,0,0,0
J2cyTpBSV,新华视点,男,北京,2980,100646605,新华视点:【科学、高效！4.2万多名援鄂医务人员这样调度】国家卫健委医政医管局监察专员郭燕红16日在#国务院联防联控机制#新闻发布会上说，疫情中有4.2万多名医务人员支援湖北，是建国以来规模最大的一次医疗支援行动，可总结出四个特点：覆盖全，派出重症、呼吸、感染、心内科、肾内科等多个专业的医务人员；效率高，从各省接到指令到医疗队组成、派出不到24小时；成建制，针对轻症、重症患者救治需求，整建制地派出医疗队伍；调度科学有序，在重症患者达到数量最多时，派出的重症医务人员也达到最多。（记者董瑞丰、高亢） 原图 ,2020/5/16 16:44,580,154,300
J2cyz3mLr,长江云官方微博,男,湖北,1024,654249,长江云官方微博:【#吉林市关停所有个体诊所和门诊部#】5月16日下午，吉林市发布关停所有个体诊所和门诊部的公告。公告如下:一、从2020年5月17日0时起，吉林市所有个体诊所、门诊部暂停营业，不得开展诊疗活动，有就诊需求的群众请到各相关医疗机构就诊；凡是发热病人一律到发热门诊就诊。二、所涉及的个体诊所和门诊部应迅速通知已预约的病人暂缓就医，并做好相关解释工作。三、各县（市）区卫生健康行政执法人员要立即开展监督巡查，及时核查关闭情况，一旦发现未执行疫情防控措施的，立即关停并依法严肃查处。四、个体诊所和门诊部恢复营业的时间根据疫情发展情况另行通知。 原图 ,2020/5/16 16:43,0,0,0
J2cypxuYh,大江网,男,江西,491,867831,大江网:【#吉林市关停所有个体诊所和门诊部#】#吉林关停所有个体诊所和门诊部# 5月16日下午，吉林市发布关停所有个体诊所和门诊部的公告。公告如下:一、从O2020年5月17日0时起 ，吉林市所有个体诊所、门诊部暂停营业，不得开展诊疗活动，有就诊需求的群众请到各相关医疗机构就诊；凡是发热病人一律到发热门诊就诊。二、所涉及的个体诊所和门诊部应迅速通知已预约的病人暂缓就医，并做好相关解释工作。三、各县（市）区卫生健康行政执法人员要立即开展监督巡查，及时核查关闭情况，一旦发现未执行疫情防控措施的，立即关停并依法严肃查处。四、个体诊所和门诊部恢复营业的时间根据疫情发展情况另行通知。咨询电话：0432 69952666（央视新闻）http://t.cn/A6AkVh8T ,2020/5/16 16:42,3,1,2
J2cyoknVf,城市追擊傳媒,女,香港,395,48236,城市追擊傳媒:#全球疫情# 【#斯洛文尼亚总理宣布疫情结束#属欧洲首例】欧洲新冠肺炎疫情开始缓和，多地正逐步放宽限制措施。 斯洛文尼亚总理扬扎（Janez Jansa）周五（15日）表示，由于当地病毒传播受控，因此宣布疫情结束，属欧洲首例。 斯洛文尼亚宣布疫情结束后，将陆续取消部分防疫措施，包括来自其他欧洲国家入境人士毋须隔离14天，但仍会禁止集会，以及规定出入公共场所必须佩戴口罩。 美国约翰斯霍普金斯大学数据显示，斯洛文尼亚至今录得1465宗确诊病例，累计103名患者死亡。#关注新冠肺炎# [组图共2张] 原图 ,2020/5/16 16:42,2,0,0
J2cy1ikux,德阳气象,男,四川,330,122601,德阳气象:#德阳天气##德阳身边事# 【高温预警来了，请注意防暑防晒】德阳市气象台16日16时发布高温蓝色预警：受西北气流影响，预计5月17日至19日，未来3天我市中东部的大部分地方（中江、罗江、广汉、旌阳）将持续出现日最高气温达到35℃以上的高温天气，请加强防范。      温馨提示：气温高、湿度小，城镇、森林火险等级高，请注意防火，同时保障电力安全和公共卫生安全，预防流行疫情；有关部门和单位做好防御高温工作；高温环境下作业和需要长时间户外露天作业的人员应采取防暑降温措施，午后高温时段尽量避免户外活动；特别注意老弱病幼人群的防暑降温。@德阳同城 @微博德阳 @德阳12345 @德阳爆料王 @德阳全媒体 [组图共2张] 原图 ,2020/5/16 16:41,1,0,0
J2cxjheMT,中国蓝新闻,男,浙江,216,445929,中国蓝新闻:【#挪威女总理和部长跳社交距离舞# 总理：虽然看着傻但是有趣】#好想参与他们#受疫情原因影响，为庆祝挪威国庆日，挪威总理埃尔娜·索尔贝格和她的部长们在户外进行了一场大型社交距离舞蹈表演。索尔贝格表示，#虽然看起来有点傻，但她觉得这很有趣#。挪威将放宽接触限制措施，私人场所最多可允许20人聚集，该限制同样适用于体育运动。http://t.cn/A6ADWOBN ,2020/5/16 16:40,3,1,0
J2cxbEey3,大连Sunny喜铺,女,辽宁,43,154109,大连Sunny喜铺:火爆全网的泫雅系糖果色🍬 让婚礼一秒入夏！👉所有女生，这个夏天被泫雅风刷屏喽！气温🌞逐渐上升🔝，满屏的糖果色能让人一秒清凉入夏。嫩嫩的、柔柔的颜色很清凉，同时又有奶油质感，让人不能不爱🥰-婚礼上，不论是整场运用还是零星点缀，就像是泫雅的穿搭一样，满满的少女感👰呢～-不仅又美又仙儿，还能从视觉上为你的婚礼降温，清新又凉快！🍉🍑🥒了解婚礼策划请来电☎️咨询：18642665550（微信:x1515793612)#等疫情结束我们就结婚##婚礼策划# #大连Sunny喜铺##大连婚礼策划##大连婚礼# [组图共11张] 原图 ,2020/5/16 16:39,0,0,0
J2cwl3AgX,浑江发布,女,吉林,29,660,浑江发布:【白山市浑江区城南街道强化地毯式排查工作 “扫楼扫户”筑起防疫墙】当前“外防输入，内防反弹”形势依然严峻，为进步一步提高居民防范意识，坚决阻止疫情蔓延扩散，确保辖区居民生命健康安全， 5月16日，城南街道充分发挥“党建+睦邻”的积极作用，社区工作人员与包保部门及志愿者一道，在辖区内开展网格化、地毯式排查工作，全力防止疫情扩散蔓延。工作人员在前期摸排的基础上下沉到小区，对居民近期出行情况及身体情况进行详细了解和集中排查，对重点地区返白人员进行摸排登记。同时动员居民群众做好群防群控工作，当好监督员，发现外来人员及时向社区报备，确保早发现、早处置。在入户排查的同时，积极向居民宣传防疫知识，推广“吉祥码”的应用，并在各小区单元门、电梯间张贴通知，积极营造“防控疫情，人人有责”的良好氛围，为居民群众生命健康安全筑起坚实防线。 [组图共7张] 原图 ,2020/5/16 16:37,5,0,0
J2cw9uEZp,新冠病毒日记,男,河北,208,93,新冠病毒日记:特朗普启动经济不积极抗疫终将拖累美国的经济社会治理和做普通工作一样需要选择合适的切入点，当今世界各国抗疫就是一切工作唯一的、也是最主要的切入点。美国显然是放弃了这个切入点，这样其他一切工作开展起来就感觉到别扭，样样事做的都会不顺。老特说是世界其他国家拖累了他，殊不知是他的一波操作正在把美国拖入万劫不复的泥潭。美国是个超前消费、信用透资的国家。目前，年收入四五万美金的家庭，有40%的人差不多失去了工作。现在，摆在特朗普面前的路――一心抗疫和马上重启经济，都就是矛盾的集合体，二者又无法兼顾。这一种两难处境，就是浪费了最少两个月抗疫的窗口期造成的。两个月拖泥带水的抗疫，疫情没控制住，经济也几乎暂停下来。现在，给特朗普留的路就只有“甩锅”，找各种借口想办法转移国内的危机。这个世界上，所有的问题似乎都能通过一定的手段，把危机转移出去，但疫情是个例外。疫情是没法掩盖的、谎言在疫情面前永远都是谎言。有人说，美国也许会通过战争转移危机，我说不会的。那样，他面对的就是两个战场，战争只能加速更多的人染病、更多的人死亡，两条战线会加速美国人口下降，这是美国不能承受之重。这场疫情，可能给特朗普胡闹的时间不多了。不专心抗疫，只能进一步导致更多的人死亡，更多的人失业，会带来社会动荡，最终使经济失去复苏的机会。试问，好不容易走出疫情的国家，能随便让病毒在空气中任意飘忽的美国来去自如吗？一个国家对付一次疫情已经是疲惫不堪，还能经受得起第二波疫情吗？所有的威胁和国内的稳定比起来，那都不会是个事。 ,2020/5/16 16:37,0,0,0
J2cvYf0xl,爱吃美食的减肥小仙女,女,河南,277,91,爱吃美食的减肥小仙女:人间值得 今日小美好1、19年八月份租房，找的中介，人很好，房租当时谈到了最低，中介费只收了一半。当时从深圳回来，三个月没上班，经济拮据，帮我给我和房东谈的月付，住那里到今年三月份，每个月我打房租给中介，有事解决迅速。我没有住够合同期，搬家了，中介帮我把押金应该归还的也都要了回来。平时也没有了再联系，今天中介哥哥说给我送吃的，我很暖心。让我觉得人间值得2、还是第一个房子，物业小哥哥，去年总是加班，每次他轮班都会给我说一句注意身体。3、搬家找了一家新的中介，中介也是很热心，给我中介费谈到了公司员工六折价。疫情期间，经济又紧张，给房东谈了两个月月付，之后三个月付。有时候会说给我送点水果，但是我没有要过，因为觉得不好意思。他有所察觉，再也没有和我聊过很多，但是后来知道他给房东也交代了，我一个小姑娘住，有啥事了一定要多帮忙。很暖心。4、房东大姐，从我住进去，就和我说，有啥事都找她。平时我也没什么事，房租总是按时给，后来房东姐姐说，如果有时候真的需要钱，可以晚几天。没事。虽然我不会晚给，但是这句话我很温暖5、公司物业小哥哥，今年开始骑车，每次都把我电车放一个好推出来的位置，有时候忘了充电，他都会帮忙。下雨的时候，每次都会帮我把电车盖好。早上来上班，每天都热情的和我说要加油，偶尔加班了会说，女孩子要注意身体。温暖。这些萍水相逢的人啊，谢谢你们的善良。那些一直爱我的人啊，谢谢你们的善良。那个不知所措的我啊，谢谢你没有放弃。 ,2020/5/16 16:36,0,0,0
J2cvUsaeD,邪气先生锋子铺,男,广东,1075,29,邪气先生锋子铺:【没游客太孤单！#澳洲水族馆停业期间雇人陪鱼儿玩#】石斑鱼绝食，豹鲨求抱抱。据《每日邮报》报道，澳大利亚昆士兰州的Cairns水族馆因新冠肺炎疫情暂停营业。馆长称没有了游客，水族馆里的一些鱼儿开始感到孤单。一只名叫Chang的石斑鱼喜欢盯着人看，之前都会跟着游客游来游去，而最近它开始闷闷不乐，甚至停止了进食。水族馆为帮助孤单的鱼类度过忧郁期，不得不雇佣额外的潜水员陪它们玩。 @时间视频 好可爱，动物也需要人陪，我的心都被融化了http://t.cn/A6AeCcF4 ,2020/5/16 16:36,1,0,0
J2cvPqeNp,新浪山东教育频道,女,山东,1398,91851,新浪山东教育频道:【不只是小朋友!#成都一大学生假期结束认错辅导员# 老师发出灵魂质问】由于疫情原因，小朋友们在家已经待了好几个月，等到学校开学，很多#小朋友认不出自己的班主任#。不过这个情况不止发生在小朋友们的身上。成都文理学院的一名大学生，在经历了四个月的假期后，竟然认错了自己的辅导员。http://t.cn/A6ADTOSX ,2020/5/16 16:36,0,0,0
J2cvPqg5B,nuaasj123,女,北京,13,2,nuaasj123:因为疫情一直在家不能回学校很烦 听过一句话，你遇到一件困难，你不要抱怨，而是要想，从这个问题当中学会了什么，知道了什么，这样你的心态就会不一样。通过今天发生的事情，我觉得要勇敢，我要变得更强大，更专心，更努力，更勇敢，这样我才可以自由，人终其一生也不过为了寻找自由二字。比如赚钱是为了实现食物自由，衣服自由，买自由，住房自由，这种自由是你可以拥有掌握自己所爱的权利，是你可以对不喜欢的事情说不的权利，所以我要更努力，更用心，更奋斗的去实现我的自由。多么宝贵地自由，多少人为了拥有你，前仆后继。我觉得我不要，也不想去依赖别人，我要努力变成自己的后盾，然后遇事不要急躁，深呼吸，不要总是埋怨别人，想想自己为什么这么堕落比较现实。如果有一天我回过头来看我写的这些话，会不会很愚蠢 http://t.cn/A6Akcxdg 原图 ,2020/5/16 16:36,0,0,0
J2cvP6FbB,闻所未文,女,北京,2200,112180,闻所未文:#共同战疫# 【与科学对决、与政要互怼，#特朗普政府令美国疫情乱上加乱# 】美国约翰斯·霍普金斯大学发布的新冠肺炎疫情统计数据显示，截至北京时间14日14时32分，美国累计新冠肺炎确诊病例数突破139万，死亡病例数超8.4万。尽管美国每天新增的确诊病例仍以万计，但一直以来白宫“重启美国”的脚步从未停止。 #全球抗疫第一线#  #美国疫情# #美国卡车运新冠尸体消毒后运食品# #美国确诊新冠肺炎超144万例# #特朗普崩溃了# #特朗普与女记者僵持不下转身就走# http://t.cn/A6ADcDwa 原图 ,2020/5/16 16:36,0,0,0
J2cvOwWm7,方世平fangshiping,男,上海,4222,4098,方世平fangshiping:在5月16日召开的2020清华五道口全球金融论坛上，纳斯达克亚太区主席Bob McCooey表示， 在不确定性的时候，在挑战巨大的时候，IPO市场的表现非常强劲。疫情发生以来，纳斯达克都保持开放，3月中旬以来，已完成了15家公司的上市，融资额达到12亿美元，主要是生物技术、医疗技术公司以及一些SPV类型的收购，通过上市融资来收购非上市公司。 ,2020/5/16 16:36,0,0,0
J2cvKpqxZ,吉林共青团,男,吉林,1173,2102102,吉林共青团:#吉林疫情# 【最新公告！吉林市这些场所全部暂停营业！】 据吉林市卫健委消息，从http://t.cn/A6AkcM4M ，吉林市所有个体诊所、门诊部暂停营业，不得开展诊疗活动，有就诊需求的群众请到各相关医疗机构就诊；凡是发热病人一律到发热门诊就诊。所涉及的个体诊所和门诊部应迅速通知已预约的病人暂缓就医，并做好相关解释工作。各县（市）区卫生健康行政执法人员要立即开展监督巡查，及时核查关闭情况，一旦发现未执行疫情防控措施的，立即关停并依法严肃查处。个体诊所和门诊部恢复营业的时间根据疫情发展情况另行通知。咨询电话：0432 69952666 #吉林市关停所有个体诊所和门诊部# 原图 ,2020/5/16 16:36,5,1,0
J2cvik4PZ,拂晓东方的视界,男,其他,1472,2637,拂晓东方的视界:新加坡交通部长许文远表示，我国正同国际航空社群合作，采取措施，为航空业复苏做好准备。许文远在社交网站Facebook表示，没有人知道2019冠状病毒疫情会持续多久，以及边境措施会何时解禁，但我们必须做好准备。部长说，新加坡作为一个主要的飞行枢纽，我国正同国际民用航空组织、国际航空运输协会，以及其他志同道合的国家合作，在安全的情况下恢复航空业的飞行。许文远说，在对的时间点进行和采取审慎的方式，是全球复苏的关键，各国已经提出一系列措施，包括：登机前的准备以及抵达目的地的措施。部长说，这些措施可能对乘客造成不便或延误，就好比911恐怖袭击后，各国所采取的飞行安全措施，但为了乘客的安全，这些措施是必要的。 http://t.cn/RJw5HmN 显示地图 原图 ,2020/5/16 16:35,4,0,0
J2cuvwYn9,燕赵观察官微,男,河北,261,1001050,燕赵观察官微:【卫健委：#5月新增本土确诊病例多来自聚集性疫情#】国家卫健委新闻发言人米锋：5月上半月，全国共报告新增本土确诊病例39例，无症状感染者194例，比4月下半月分别下降了46%和62%。但新增本土确诊病例多来自聚集性疫情，多地发现无症状感染者。要加强患者救治和流行病学调查，提高核酸检测能力，做好对无症状感染者的筛查复核和隔离管理，坚决防止疫情扩散蔓延。 http://t.cn/A6Ak2K6x http://t.cn/A6AkcvSv ,2020/5/16 16:33,0,0,0
J2cuiACab,法治铁锋,男,黑龙江,54,51,法治铁锋:铁锋区组织2020年度行政执法人员行政执法监督人员公共法律知识考试       铁锋区严格落实《黑龙江省行政执法证件管理办法》，按照省市的统一安排部署，于5月14日-15日组织2020年度行政执法人员、行政执法监督人员公共法律知识考试。本次考试由省司法厅统一命题，采取无纸化统一线上闭卷方式进行，其内容包括宪法、行政处罚法、行政诉讼法、行政许可法、行政强制法、行政复议法、全面推行行政执法“三项制度”等方面。       由于受疫情影响，今年公共法律知识考试由各单位自行组织，为确保符合本次参考条件的67名行政执法人员顺利参加考试，各考点工作人员统筹调试电脑设备和网络环境，统一下载适合考试的火狐浏览器和360浏览器，确保网络环境畅通，并在浏览器收藏夹添加了考试网址，确保参考人员能够快速进入考试界面，顺利进行考试。       通过此次考试，为全区行政执法人员在执法实践中，准确把握法律适用、进一步加强规范化执法夯实基础，对于提高全区执法人员执法水平，促进严格规范公正文明执法，建设法治政府具有重要意义。下一步，铁锋区将以提高依法行政能力和水平为目标，加强对行政执法人员的规范执法和专业知识培训。同时继续严把行政执法队伍“准入关”，认真做好执法证申领、换证等相关工作。 [组图共2张] 原图 ,2020/5/16 16:32,0,0,0
J2ctSwGIf,小扶贵红尘,女,云南,246,18167,小扶贵红尘:切尔西将在今年夏天从莫拉塔的交易中收获4850万英镑。  西班牙前锋在2019年1月租借到马德里竞技，今夏预计将被马竞买断，根据合同规定，马竞将支付买断费4850万英镑。这一协议是在去年夏天达成的，在今年7月生效，考虑到疫情影响以及转会行情大幅下滑，莫拉塔卖出这个价对切尔西来说不算亏。  莫拉塔曾透露，自己在切尔西过得很不愉快。“我有种感觉，即使我跑出空档，队友们看着我，对我也没信心，这让我发疯，我过得很糟糕。比赛后我几次把手机砸了，回到家里，又把手机摔在墙上。” [组图共6张] 原图 ,2020/5/16 16:31,0,0,0
J2ct4hXrN,实投记,男,广东,92,1261,实投记:【企业员工在家上班趁机炒股 日本当日冲销线上交易大增】在日本当局建议疫情期间企业员工在家上班之下，街头一片冷清，但是却为许多人开启了一个新世界：原本因为办公室规定而无缘参与的线上股票交易活动。一些行业人士指出，企业员工转为在家上班的变化，带动了散户投资者的市场参与度。散户投资人偏爱的东证创业板市场(Mothers).MTHR从3月中的低点大幅反弹了60%，为网路券商提供了生机，尽管机构投资者方面的业务下滑。自3月底以来，东京证交所成交量下滑了40%，线上交易的增长不无小补。由于必须在家办公，机构投资者限制了交易，往往降到最低限度，因为脱离了办公室交易平台后，交易的执行速度更慢，也更麻烦。填补这一空缺的，是一支由业余交易员组成的大军。交易所数据显示，近几周，散户投资者进行的交易占比已从过去两年的15%左右上升至20%左右。这是两年多来最高的百分比，不包括岁末年初大型外资参与度通常下降的阶段。松井证券专注于散户投资者，公司的资深市场分析师Tomoichiro Kubota说，“从做交易的人的特征就可以看出，如今在家办公的上班族似乎正在增加交易，因为在家里操作起来更方便些。”(完) ,2020/5/16 16:29,1,0,0
J2csuiJdh,太原一条,女,山西,76,10731,太原一条:[太原籍一留学生为境外输入无症状感染者被隔离治疗]5月14日0时至24时，广州市新增境外输入无症状感染者1例。新增1例境外输入无症状感染者情况：女，21岁，籍贯山西，常住山西省太原市，留学生。5月10日从美国出发，先后乘坐UA675、CZ328航班于12日飞抵广州入境，海关采样后按全程闭环管理程序转运至集中隔离点，反馈新冠病毒核酸阳性后即转广州市第八人民医院隔离治疗。(广州市卫健委）#疫情##太原# 原图 ,2020/5/16 16:28,0,0,0
J2csqENXp,周至法院,男,陕西,1250,28439,周至法院:【#疫情期南非菠萝销量猛增900%# ：禁酒令引自制菠萝啤酒热潮】据《每日邮报》，因疫情，南非禁止销售酒精，民众因此开始自制菠萝啤酒：当地“如何自制菠萝啤酒”相关搜索，增加了500％以上，菠萝销量猛增900%。在南非15岁及以上的人群中，31%都饮酒，其中59%是重度饮酒者。@梨视频文化 http://t.cn/A6Ag9P2H http://t.cn/RyhNIMC 显示地图 ,2020/5/16 16:28,2,0,7
J2cs6AOli,河南交通广播,男,河南,1707,6789461,河南交通广播:【六集电视政论片《雄关》今晚播出第六集：向阳而生】由省委宣传部、河南广播电视台联合制作的六集电视政论片《雄关》，今晚播出第六集《向阳而生》。这一集讲述的是面对疫情冲击，各类市场主体和它们之中的普通个体经历着严峻的考验，在政府政策救助和支持下，他们砥砺前行，把危机转化为发展契机，在变革中把疫情影响降到最低。河南大象物流公司总经理 靳海涛：只有抓住机会主动调整，才能活下去。疫情下的人们经历了什么样的悲欢交加？从国有企业到基层干部，他们怎样彰显使命担当？复学复课背后又有着怎样的故事？今晚《雄关》第六集《向阳而生》将为您一一讲述！播出时间：河南卫视19：35，新闻频道21：30，大象新闻客户端，河南广电全媒体多平台同步呈现。敬请关注!  http://t.cn/A6AkqVvU ,2020/5/16 16:27,0,0,0
J2cs6j8ec,锦鲤那些年我们一起呼喊的名字字,女,广东,302,303,锦鲤那些年我们一起呼喊的名字字:【#民航单日飞行班次回升破万#，#民航单日飞行班次恢复至疫情前约60%#】5月15日，民航单日飞行班次达10262班，恢复至疫情前约60%。这是自2月1日以来，民航单日飞行班次首次回升破万。 受疫情影响，自1月23日起民航旅客运输量和航班量急剧下降。2月13日，民航单日飞行跌至最低谷，约为正常时期的23%。随着我国疫情防控形势的好转，2月下旬起民航运输逐步恢复。其中，3月份日均飞行班次6538班，4月份日均飞行班次6950班，5月以来日均班次8900班。（人民日报记者赵展慧） ,2020/5/16 16:27,0,0,0
J2crSr54o,牛神nddpg111,男,湖南,1132,601923,牛神nddpg111:#海南# 海南猪肉、蔬菜降价了。海口20家企业向全市农贸市场、超市、批发市场、便民疏导点的蔬菜猪肉销售的相关单位和种植养殖户发起倡议，自5月18日起至新冠肺炎疫情结束，执行新一轮倡议价格。和4月13日该市发起的倡议价格相比，此次白猪肉、黑猪肉倡议价格每斤再降1元。在倡议中提出，明码标价，不囤积居奇、不涨价，保证供应。 ,2020/5/16 16:26,0,0,4
J2dBggUJa,地铁客流及运输研究阿牛,男,海外,1134,44860,地铁客流及运输研究阿牛:全国#地铁客流排行榜#2020-05-15（周五，四月廿三）：上海901.1万，北京727.25万（含磁浮S1-3.2842万，含燕1.6334万，含大机0.8535万，地铁进站381.8万；另西郊有轨电车0.8691万），广州660.3万（进站367.06万），深圳483.32万（进站305.88万；另有轨2.29万），……余见下表（1-2）。——阿牛简评：昨日周五，农历四月廿三，“大盘”（内地总客运量）上涨六个点，疫情以来首破5000万大关（上周五见图3、去年同期周五见图4）。      1.总体表现       内地总量5027万，为疫情以来的的最高值，较先一天上升306万，涨幅6.5%，较上周五上涨8.9%。      2.城市表现        除沈阳、大连有较大下降外，其余多有较大的上涨。       榜首上海经一周的盘整终于在周五收复900万，为内地疫情以来单个城市的最高值。        本周上海破900万，北京破700万，下周看点：能否广州上700万，深圳上500，成都上400万，重庆上300万，杭州上200万，郑州苏州上100万？       3. 区间分布：昨日主榜中（100万以上）内地共10城（800～100万间仅缺500万以上城市），100～50万有7城，50以下13城。        客流强度方面，0.7万/km的水准线上从高至低有深圳、上海、西安、广州、成都、北京、长沙、杭州、重庆、南宁10城。 [组图共4张] 原图 ,2020/5/16 19:22,204,15,97
J2dB5qefm,四川监狱,男,四川,961,136431,四川监狱:【#挪威女总理和部长跳社交距离舞# 总理：虽然看着傻但是有趣】据外媒5月15日报道，受疫情原因影响，为庆祝挪威国庆日，挪威总理埃尔娜·索尔贝格和她的部长们在户外进行了一场大型社交距离舞蹈表演。索尔贝格表示，虽然看起来有点傻，但她觉得这很有趣。据悉，挪威将放宽接触限制措施，私人场所最多可允许20人聚集，该限制同样适用于体育运动。http://t.cn/A6ADWOB0http://t.cn/A6ADWOBN @法治四川 ,2020/5/16 19:22,0,6,0
J2dAk4UhW,happypigdaybyday,女,安徽,278,86,"happypigdaybyday:不想干活的下午，把b站上近几年看过的选秀舞台神仙组、killing part都看了一遍，看过比较完整的是偶练和创造营，大厂的王子异和周彦辰，岛上的周震南和李鑫一，18年和19年啊……今年一样又是新的一波，但是总有点提不起劲去看了。疫情期间入了德云社的坑，可能自此走向另一个追星方向了记得9c好像发过一句，""Love me little,love me long""，热情这种东西，确实是来的快散的也快，弹幕上看到过一句，“狂热的粉丝可能不长在，但是严格的观众会一直有”，我确实没有当时那么狂热了，但是偶尔看到零碎的消息，还是会有触动，我当时好喜欢谁谁谁来着，希望曾经粉过的人都有很好的发展吧。我可真是个佛系追星👧（不想承认自己喜欢一个丢一个，喜欢一个人很难，所以我喜欢十个） 原图 ",2020/5/16 19:20,2,0,1
J2dzTdoxW,江右士郎,男,江西,117,7625,江右士郎:#美国疫情# 美国疾病控制及预防中心主任雷德菲尔德表示，他预测到6月1日或之前，美国#新型冠状病毒# 全国死亡人数便会冲上10万大关。雷德菲尔德在社交网站表示，疾控中心追踪12个疫情推算模型，全部模型的推算都显示，美国死亡人数在未来几星期会持续上升，并在6月1日前增至超过10万人。而在疫情较严重的纽约州，单日确诊人数持续下跌，部分地区开始解除一些禁令。州长科莫表示，州内5个疫情较缓和的地区，已解除一些禁令，允许部分非必要行业复工。但纽约市的封锁措施，实施期限会延长至本月28日，除非纽约市在死亡率及新感染个案方面，达到抗疫目标才会提早结束。他又签署行政命令，将紧急措施有效期延长至下月13日，包括强制戴口罩。 ,2020/5/16 19:19,1,0,0
J2dzNhsVm,没有阑尾的熊,女,北京,531,186,没有阑尾的熊:疫情期间丰台南方庄小区不合理要求不让装修！！！！！房子好不容易拿到钥匙准备装修，小区物业和居委会说要获得楼上三层、楼下三层、左右共8户人同意签字才可以开工。询问是否有文字规定，居委会说没有，只是4月29日北京市新闻发布会上某位领导说了“需征得邻里同意才可装修”，居委会自己理解的是8户！并且威胁我，如果不同意8户签字就要征得整栋楼住户的同意！居委会、物业是对居民有监管权还是强制权？天天比着谁更牛气，威胁居民业主！是谁赋予他们这样的特权！再说，我装修需要征求八丈远邻居的同意，买房子、交物业费怎么不用征求他们同意！@北京12345 http://t.cn/z8UKcRK 显示地图 ,2020/5/16 19:18,2,0,4
J2dzAlDsk,卢晓周,男,广东,190,121067,卢晓周:特朗普再次对华为下手，威吓大于实质，要是美国断供有作用，华为在去年就被美国弄死了，哪里还用得住等到今天。美国手里的牌不是断供，而是人质，人质这张牌还没有最后打出来，但应该不会拖太久了。美国现在既是全体人类生命的最大威胁，又成为全世界经济复苏的绊脚石，大家就没有一点想法？或者说，特朗普现在既是美国疫情防控最大的阻碍，又是全球合作抗疫，一起发财致富的破坏者，难道美国精英阶层没有一点想法？通过弹劾等传统方式已经无法阻止特朗普，反而会被牠利用进行民粹煽动，搞不好美国还会分裂，最好的方式就是给牠准备一款敞篷车，快捷，方便，一了百了，对各方面都好交代。 ,2020/5/16 19:18,151,38,45
J2dzywE3K,香港中通社,男,香港,395,470710,香港中通社:【#意大利自18日起进一步放开疫情管控# #意大利6月3日起开放边境# 】意大利內閣當地時間5月16日發佈法令，決定從5月18日起，進一步放開疫情管控措施。並從6月3日起取消意大利境內出行限制措施並開放邊境。出行限制方面，從18日起在意大利各大區境內出行不再受限制，但除健康、工作原因和其他緊急情況之外仍禁止跨大區出行；6月3日起取消意大利境內出行限制，同時根據疫情風險等級，按照歐盟和有關國際法規，取消出入境限制；新冠病毒感染者在治癒前或被醫療機構收治前必須在住所進行隔離，禁止外出；密切接觸者須進行預防性隔離；禁止在公共場所人群聚集活動，但在符合安全規定的情況下，可以進行宗教活動。經濟活動方面，法令規定餐廳、酒吧、理髮店和商場等經營場所可在符合防疫規定的前提下開始營業；保持社交距離至少1米，在無法保持社交距離的情況下必須佩戴口罩；民眾可前往餐廳就餐、酒店住宿、外出購物、前往海邊度假，但體溫超過37.5度或有疑似症狀不得出行。違反有關出行限制措施規定，會根據情節輕重被處以400~3000歐元的行政罰款，駕駛機動車違規，罰款額增加三分之一；違反商業活動規定，將被勒令停業5至30天，屢次違規將加倍行政處罰。自5月4日宣佈進入疫情第二階段，開始「解禁」以來，意大利新冠病毒感染人數總體保持下降趨勢。截至15日，該國累計感染223885例，現存確診降至72070例。資料圖 原图 ,2020/5/16 19:18,8,0,0
J2dzyin7j,TJ小港,女,四川,205,138,TJ小港:昨晚9点半早早睡了，凌晨四点过就醒了，十分钟简单早餐，牛油果🥑+芽菜小包子，这次疫情不出门的收获之一是蒸包子的手艺完全过关了。香槟的清晨有几分寒意，继续窝回床上，看巴金的小说《家》，巴金一直是我最喜欢的作家。张老师微信给我留言，快递给我的口罩和药品今天到，这是他第四次给我寄口罩了，我打了N次招呼，我的口罩实在太多了，不要再寄了，药也不需要。儿子说，等他寄吧，爸爸只有通过寄东西来缓解他的焦虑。回了几个客户的邮件，这几个月受疫情影响，海运空运都很慢，庆幸的是我们好多欧洲和美国老客户太好了，一点都没有抱怨，还让我们保重，注意安全。张老师为表感谢，分别给他们快件寄了好多口罩，谁曾想到，有一日口罩会作为紧俏的礼物而倍受欢迎。给手表⌚️充电，等一会儿跑步吧🏃。 ,2020/5/16 19:18,1,0,5
J2d2Be4fH,豫郑兴,男,河南,19889,21929,豫郑兴:#天下事#【“美式人权”在疫情中坍塌】一场新冠肺炎疫情，戳破了“美国梦”的泡沫，撕开了“美式人权”的虚伪，更让全世界人民认清了“自由灯塔”的肮脏实质……美国威斯康辛州一名16岁女学生因写疫情日记，被当地警察威胁删帖并逮捕她父母，理由是日记会引起恐慌。试问，美国一向标榜的言论自由在哪里？http://t.cn/A6AkX39E ,2020/5/16 17:57,3,0,1
J2d29pFWd,旧梦81无须记,男,北京,369,258,旧梦81无须记:历史上奥运会没有推迟过但一共取消过三次，都是因为战争：1916年柏林奥运会因为一战取消~1940年东京奥运会和1944年伦敦奥运会由于二战爆发而取消~2020年不平凡的一年因为疫情东京奥运会推迟邮票则如约而至历史上唯一一个邮票和奥运会不在同一年5.16今日推荐~2020年东京奥运会邮票~需要联系~ [组图共6张] 原图 ,2020/5/16 17:56,0,0,0
J2d1KC9iN,吴梓茗1997,男,上海,2586,1414,吴梓茗1997:笔者认为，本次《著作权法》修正案草案第二十二条合理使用条款在第（六）项“为教学或科研目的使用作品”的修改当中，或出现了一些问题，也就是，增加“播放”一项是存在问题的，现分析如下：1、首先，我们需要承认，“为教学或科研目的使用作品”这一项确实存在现实问题，比如“教学人员”是否能包括学生，比如在课堂上将他人的作品通过投影仪投放在黑板上来进行讲解是否能解释到该项当中。这些都是现实需要法律回答的问题，但原有的条文无法进行有效回答，因此，该项确实有修改的必要2、但是，本次修改仍然存在一定问题，具体就是在这个“播放”一词的解释上。根据法律解释的基本方法，如果在某部法律当中，对于不同条文当中的同一词汇，法律并未对其在某一条或者某几条的含义作出特别规定，那么我们可以直接推定该词汇的内涵在该法当中是保持统一的。既然“播放”一词的内涵在《著作权法》当中没有特别规定，那么我们不妨通过其他条文当中该词的含义来界定其内涵。3、笔者倾向选择使用录像制作者享有的“许可电视台播放权”当中的“播放”一词来进行概念认定，即本草案的第四十六条的规定。单看该条，并不能直接得出“播放”一词的内涵。此时就需要结合相关的立法解释文件来进行解释。既然草案与2001年著作权法相比，仍然在此条使用“播放”一词，那么，我们可以从2001年人大法工委出版的《著作权法释义》当中尝试寻找依据。4、根据该释义在本节中的解释，我国的1990年著作权法在该法第十条第（五）项当中规定了“播放”，指的就是通过电台、电视台广播，直到2001年才按照伯尔尼公约将“播放”单拿出来，并将其改成了与公约一致的“广播权”。因此，从这里来看的话，“播放”这种技术手段至少应当是可以包容在“广播权”的规制范围之内了。简言之，录像制作者享有的“许可电视台播放权”就是一项“广播权”。既然此次修法对“广播权”的内涵进行了调整，那么录像制作者的“广播权”的内涵相应扩大也是应有之义。5、然而，问题就出在此。既然我们说“播放”和“广播”相似，是一种将作品通过信号等载体传送到远端的非交互式传播行为。那么，这和现实教学的需要是否完全符合呢？比如，在教室里通过投影仪展示摄影作品或美术作品属于放映行为，通过投影仪播放教学视频也是放映行为，用扬声器播放音乐属于机械表演行为，这些并不是“播放”一词能够涵盖的6、当然，现在因为在线上教学，老师更多会在网络会议间上通过本地电脑投放PPT来授课。教学人员确实在使用“播放”的方式来传播作品。然而，疫情结束之后，线下教学恐怕依然是常态，那么，仅仅增加一个“播放”，是否能够解决真实课堂教学当中使用作品的问题，恐怕答案仍是否定了。因而，笔者结论如下：1、对于“播放”一词，有人认为可以将放映行为、机械表演行为、信息网络传播行为涵盖在内，从体系解释的角度来看，这种观点恐怕是找不到坚实依据的2、增加了“播放”一词，仍然不能有效解决真实课堂当中老师利用作品进行教学的行为，比如投放图片、播放歌曲，这些行为是不能被“播放”一词解释进去的 http://t.cn/R2WxWm1 显示地图 [组图共3张] 原图 ,2020/5/16 17:55,13,2,0
J2d1Fii45,巴黎左岸的卷卷,女,江苏,133,60,巴黎左岸的卷卷:打卡平江万达校员外🤗店面是开放式的那种，整体环境不错，店员服务周到，由于疫情原因，餐具都是一次性的。两个人吃1.5斤的🐔 ，上菜时端了满满一锅，感觉菜品超级多，鸡肉挺新鲜的，吃起来很有嚼劲，锅贴吸满汤汁后也非常nice，糯叽叽的……店家还送了两份小吃和2瓶冰红茶，超值！吃货们可以行动起来啦～ [组图共6张] 原图 ,2020/5/16 17:54,0,0,0
J2d0M2gay,dannycyt,男,澳门,2101,679,dannycyt:應變協調中心今（16）日表示，珠海市新型冠狀病毒肺炎疫情防控指揮部發出通告：“根據新冠肺炎疫情防控需要，自2020年5月17日6時起，經珠澳口岸入境珠海人員，持有的澳門、珠海兩地認可的檢測機構出具的核酸採樣證明，須採樣24小時後方可生效，自生效之日起7天內有效。其他相關規定仍按現行防控措施執行。”特區政府因應珠海最新的通告，經澳珠兩地政府溝通和協商，為保持兩地政策執行的一致性，特區政府將“有效”的核酸採樣證明定義為採樣24小時後。即根據第2/2004號法律《傳染病防治法》第10條、14條及15條的規定，自2020年5月17日上午6時起，所有由內地入境澳門的人士，均須持有由衛生當局或內地認可的合資格機構發出的七天內核酸測試陰性結果證明或採樣證明，而採樣證明在採樣24小時後才生效。如果不持有衛生局或內地認可的合資格機構發出的七天內核酸測試陰性結果證明或有效採樣證明，則：1.內地外僱不讓入境澳門；2.澳門居民和旅客則安排在北安碼頭接受核酸測試，採樣後24小時內，須在指定地點進行醫學觀察；如果有採樣證明，但採樣未夠24小時，衛生局會發出指引，要求進行指定地點進行醫學觀察，直至採樣24小時後。 原图 ,2020/5/16 17:52,1,0,0
J2d0HzF01,第一新闻,女,陕西,1369,4214995,第一新闻:【不仅小朋友会忘记！成都一#大学生假期结束认错辅导员#】由于疫情原因，小朋友们在家已经待了好几个月，等到学校开学，很多小朋友认不出自己的班主任。不过这个情况不止发生在小朋友们的身上。成都文理学院的一名大学生，在经历了4个月的假期后，竟然也认错了自己的辅导员。@燃新闻http://t.cn/A6AeYfMR ,2020/5/16 17:52,1,0,0
J2cZxxUIB,律门丐,男,北京,1034,769,律门丐:疫情整体缓解了，可看守所会见越来越严格，可以理解，国内反弹压力也大。上次来会见还是拿着自我承诺书和律所的健康证明即可，本次过来就要求必须提供医院的健康证明，虽然与被会见人中间隔着密不透气的玻璃，还是需要ct双肺检查。跑了两家医院，终于拿到了这个健康检查单，ct和血常规花了400多，大夫说最近已经有好几个外地律师匆匆忙忙过来要求提供证明了，我开玩笑说：你们医院可多了不少收入呢。 [组图共4张] 原图 ,2020/5/16 17:49,3,0,4
J2cZsem1k,银川发布,男,宁夏,943,408019,银川发布:【总台《国际锐评》持续批美政客 境外主流媒体广泛传播】http://t.cn/A6Ak2J1Z最近一个时期，中央广播电视总台《国际锐评》连续推出《散播“政治病毒”的蓬佩奥正把自己变成人类公敌》《背负“四宗罪”的蓬佩奥已经突破做人的底线》《病急乱投医！邪恶蓬佩奥在科学面前大肆喷毒造谣》《口出狂言的反华急先锋班农唯恐天下不乱》《走火入魔的美国政客不是在玩火而是在玩命》《“政治凌驾于科学”，美国防疫跌入“盘丝洞”》 等评论，揭批美国反华政客加大对中国的“甩锅”力度，妄图推卸防疫不力责任、转移国内视线、骗取选票，强调美国政客要为全球疫情扩散负责，提出国际社会应对美国抗疫的重重疑点进行调查…… ,2020/5/16 17:49,1,0,0
J2cZfv0pM,心灵姐姐---金铃,女,海外,1710,885,心灵姐姐---金铃:#中国心理学[超话]#今年太多的事都被疫情搅扰的如这杨花柳絮一样，飘忽不定，让我有些难以静心，该做的也没有做好，很惭愧。好想去海边的房子看看了，不知不觉中，竟然已是绿肥红瘦时节。我的心如这漂浮在水面的水鸟，居然不知道该去向何方。这就是每个人都会该有的一种情绪，我也不例外，有时候人难免会出现惰性情绪，这样的时候我们就该好好思考一下，给自己定个确定的目标，然后再继续前行吧！ 原图 ,2020/5/16 17:48,1,0,0
J2cYa5Lem,中国民航杂志,女,北京,353,65419,中国民航杂志:【@祥鹏航空 首个洲际客舱载货航班载防疫物资抵达巴黎】当地时间5月15日上午，云南祥鹏航空有限责任公司8L889航班顺利降落在巴黎戴高乐机场，近20吨医用口罩运抵当地，用以抗击新冠肺炎疫情。据了解，该航班由A330机型执飞，飞行时间约12小时，为祥鹏航空首个洲际客舱载货航班，也是疫情期间云南辖区首班洲际客舱载货。本次航班的成功执行，标志着祥鹏航空正式启动客载货航班运行，也开启了云南地区运输抗疫物资支援全球抗击疫情的新征程。后续，祥鹏航空还将陆续执行欧洲地区客舱载货航班，持续向全球各地运输防疫抗疫物资。此前，祥鹏航空于4月22日、24日执行8L801/2（昆明-曼谷）货运包舱航班，往返累计运输货物60余吨；又于5月7日开通8L837/8（成都-槟城）货运包机航线，每日一班，目前仍在执飞中。随着新冠肺炎疫情在全球扩散，世界各地抗疫形势愈发严峻，对各类防疫抗疫物资的需求与日俱增，航空货运需求也随之大幅增长。民航局按照国务院统一部署，以“优环境、补短板、调结构、强供给”为战略导向，努力构建国内外防疫物资寄递运输“绿色通道”。祥鹏航空坚定不移贯彻落实党和国家的决策部署，严格落实各级党政机关及民航局等相关单位的工作要求，在各地政府、民航局等相关部门的支持下，持续开展货运包机业务，不断提升货运能力，为稳定防疫物资供应链贡献企业力量，全力做好抗击疫情运输各项组织及保障工作，为全球防疫抗疫工作发挥积极有效的作用。（中国民航网） [组图共3张] 原图 ,2020/5/16 17:46,1,0,0
J2cY579V8,西安社区V,男,北京,158,1017604,西安社区V:#西安爆料# 【西安肯德基大悦城店后厨配餐人员装薯条、倒饮料竟然不戴手套！】网友投稿，下午在西安大悦城@肯德基 就餐，发现配餐人员装薯条，倒饮料等不戴手套，疫情虽然快结束，但餐饮店无论何时都要保证食品卫生安全，尽管我们能理解肯德基工作人员不易，但是特殊时期求你们搞好卫生行不行？#西安一肯德基店员确诊# [组图共9张] 原图 ,2020/5/16 17:46,327,71,79
J2cY4rYIa,福建科普,男,福建,301,55373,福建科普:【#全球战疫宣传片#：We are together！】#福建科普·关注实时疫情动态# 病毒没有国界，疫情不分种族，只有共同携手，我们才能打赢这场全球战“疫”。中国挺过来了，那么全世界一定也可以。一段视频，听听#来自世界的战疫声音#↓↓面对疫情，我们同呼吸，共命运。http://t.cn/A6ADT1NY（来源：人民日报）  ,2020/5/16 17:46,0,0,0
J2cXdgzWW,云南信息报,男,云南,1889,456687,云南信息报:【昆明“言”值担当们 听听政协委员们在大会上的发言 】5月16日上午，政协昆明市第十三届四次会议上，来自不同界别的10位委员围绕昆明市疫情防控、经济发展、健康昆明、脱贫攻坚、法治建设、滇池治理等主题以及民众关心的社会热点问题进行了大会发言。 段昌群：《优化昆明发展格局，为滇池水环境持续好转和昆明市跨越发展提供强有力的永续保障》优化大昆明的发展格局，重塑昆明全市发展新布局，创新昆明跨越发展和滇池水环境持续好转的支撑条件。把滇池治理与昆明区域经济社会发展有机结合起来，在资源和环境承载力的范围内优化和引导流域内昆明城市的发展； 根据滇池环境改善的客观需要重新思考和定位昆明中心城区的功能，探寻生态文明新时代昆明的发展道路；昆明发展需要尽快走向滇池流域外发展的道路，为昆明城市发展拓展空间，也为全市经济社会发展优化配置资源；谋划“十四五”，跳出滇池发展昆明，打造新生态经济 圈，实现昆明市的跨越发展。 杨晓冬：《进一步支持昆明市中小微企业发展的建议》尽快启动中小微企业的“二次创业”行动。帮扶受疫情冲击巨大的中小微企业，政府的支持需要结合“普惠性”和“定制性”，尽可能简化审批流程并全程公开。降低政策搜索成本。短期内，可以要求各个部门汇总整合政策，再向一线服务窗口汇总。在此前提下，一线窗口的服务能力成为政策有效性的关键。 刘长战：《逆势而上，全力支持企业“走出去”》刘长战建议，加大信保支持力度，支持出口企业建立新型实验室仿真模拟系统。此外可以建立全球技术合作区，以政府出面牵头，建立技术合作平台，为国内企业引智服务。凡是纳入技术合作平台的技术项目，政府予以公开的知识产权保护，并积极引进境外高端人才给予引进人才奖励补贴。加强与各领事馆的交流使签证便利化。加强对 EPC 工程企业的支持使海外支付的畅通化措施。 舒群：《发展昆明高端水果产业的建议》舒群建议，强化区域种植规划，增强市场竞争力；整合散落在各科研机构的种质资源库；鼓励和支持科研机构与国内外其他科研机构合作；建立标准化种植联盟；提升水果采处加工能力和水平；建立开拓国内外市场的多品牌集群体系；打造有国际影响力的高端水果智能物联基地；电商产业园、果品溯源信息体系、生产技术和品种 徐萍：《加强管理，不断完善资产收益扶贫新模式》徐萍建议，昆明市政府应加强组织领导，指定市级牵头部门，具体统 筹组织协调工作。落实相关部门工作职责，保持工作的连续性， 强化目标引领，不断总结经验，加强督查考核，发挥示范引领作用，推进此项工作不断走细、走实、走稳；各试点县区应探索形成可推广可复制的工作经验；制定监管办法，健全风险防控机制；加强农村诚信体系建设，探索建立诚信档案；要加强 法律法规和市场经济知识的宣传，引导农民依法依规、守诺践约。(云上融媒·云南信息报记者 莫开井) ,2020/5/16 17:43,0,0,0
J2cXc5BqO,谢俊敏腺肌症保宫U治疗,女,广东,229,9,谢俊敏腺肌症保宫U治疗:孕期，你遇到哪些难题？如今，疫情期间不出门也能问诊！时代妇产医院妇产科本土医生汤英联主任举办公益问诊，通过抖音直播，线上解疑答惑！方法1.保存海报→打开抖音→进入直播方法2.抖音首页→点右上角“搜索”→点左上角“扫一扫”→相册海报→进入直播关注汤主任抖音号，5月17日周日下午15:00—16:00直播，本土医生汤英联与你面对面! ,2020/5/16 17:43,0,0,0
J2cWygFKw,头条博客,男,北京,1635,10490794,头条博客:【暖心！#饭馆请有困难的人免费吃饭# 老板娘：能帮就帮】湖南长沙，一家粉面馆贴出了一张纸条，上面写着“人在外遇到困难，只要说声就可免费吃饭”。老板娘称，曾经有位中年男子因没钱吃饭坚持帮她洗了半天碗，她便贴出了这张纸，“人在外难免遇到困难，能帮就帮。”另据老板娘介绍，疫情期间房东看粉面馆生意不太好，给他们减了房租。@一手Video http://t.cn/A6Ak6ydR ,2020/5/16 17:42,22,6,2
J2cWniPKU,正义南康,男,江西,1085,30592,正义南康:【史诗级暴击！巴菲特、索罗斯、达里欧 这些华尔街大佬全慌了】神秘的华尔街大鳄持仓如今伴随监管文件的披露揭开谜底。巴菲特一季度增持美联航达美航空，大砍84%高盛持仓，但由于疫情的发展，北京时间5月3日巴菲特在股东大会上表示，“我们买了四大航空公司（美国航空、达美航空、西南航空、联合航空）  ,2020/5/16 17:41,5,1,0
J2cWjqwXm,洛阳师范环保与健康协会,女,河南,197,469,洛阳师范环保与健康协会:因为疫情影响而待在家的你们是否经常网上购物呢？消费时又是否做到了绿色消费呢？ 目前中国正在倡导“科学购物，绿色消费”。疫情在家的我们可以购买原材料制作无添加的食物，利用废旧衣物diy一些时髦的物品从而减少不必要的消费；也可以通过回收物资、减少电器的使用等小行动做到绿色消费。 为了我们的环境我们需要从现在做起，让我们一起绿色消费吧🤗🤗🤗！ http://t.cn/R2WxQME 显示地图 [组图共3张] 原图 ,2020/5/16 17:41,1,0,0
J2cVDuBbS,第一商用车网,男,北京,539,8176,第一商用车网:【央视两次报道！760辆宇通客车勇夺疫情后大中型客车出口第一大单！】近日，央视中文国际频道《今日环球》和《中国新闻》栏目两次播报宇通客车出口哈萨克斯坦760辆燃气客车，为宇通客车复工复产的卓越成绩点赞。新冠疫情爆发以来，宇通客车勇夺中国品牌出口海外大中型客车最大订单，展现了中国制造的强劲实力！http://t.cn/A6Akig8k [组图共7张] 原图 ,2020/5/16 17:40,1,0,0
J2cVemo2A,8099999,女,云南,603,2209740,8099999:【不仅小朋友会忘记！成都一#大学生假期结束认错辅导员#】由于疫情原因，小朋友们在家已经待了好几个月，等到学校开学，很多小朋友认不出自己的班主任。不过这个情况不止发生在小朋友们的身上。成都文理学院的一名大学生，在经历了4个月的假期后，竟然也认错了自己的辅导员。@燃新闻 http://t.cn/A6AeYfMR ,2020/5/16 17:39,0,0,0
J2dZPB6I0,用户6508537141,男,其他,244,2,用户6508537141:希望可以受到关注妈妈家住在唐巷141，一个不在小区里，没有物业管的住宅。今天19：50左右，我们正在家里吃饭，突然听到“嘭”一声，感觉楼有一点阵，家人还在开玩笑说，是不是200斤的侄子从床上摔下，结果依稀听到楼下喊，“着火了，着火了”，妈妈的本能反应，立马抱上儿子，拖鞋鞋皮跑下了楼。一直担心的问题，终于发生了。这栋楼是个老楼，出租户特别特别多，没有物业管理，无人问津…疫情期间也没有人来封闭管理过…家家户户都是煤气瓶，打电话问街道，街道说90%以上住户同意才装管道煤气，我想问：1.现在是不是有说强制安装管道煤气的说法，2.从来没有人上门问过安装管道煤气的事为什么没人来管老百姓的生命安全？要出事才开始关注？普通老百姓的生命就那么微不足道吗？@无锡发布 @直播无锡 @无锡梁溪发布 [组图共3张] 原图 ,2020/5/16 20:23,4,0,0
J2dYz2Bbu,逗逗逗逗飞521,女,辽宁,91,96,逗逗逗逗飞521:老老实实在家第二天结束，感觉像是过了两个月一样。疫情啊，快点过去吧。希望大家都平平安安的。在家呆着的这小孩👶 充沛的精力无处释放。我也是三分钟慈母，十分钟老虎，一个钟头精神病！努力努力在努力，合理分配时间，合理处理情绪，娃儿是自己生的，老公是自己选的，日子是自己过得，自己努力吧 ,2020/5/16 20:20,1,0,0
J2dXLlndW,張-小Ya,女,山东,67,168,"張-小Ya:我家先生说想吃粽子，然后我说网上的可能不卫生，别买了，其实想自己偷偷给他做，后来他知道我要给他做，要去超市买材料，他就故意说他不吃了，我知道他的小心思，疫情一开始他就不喜欢让我去人多的地方，不过我还是偷偷趁着和闺蜜出去玩的时候买了材料回来。回到家就催着妈妈泡粽叶，教我包粽子，妈妈昨晚有空泡了粽叶，今早一早就在门口叫我，说不是给小刘包粽子啊，快起。自己懒懒的起来，发现妈妈自己包了十多个了，麻利让妈妈教我，可是我第一次包，总是觉得包的不好看，然后就一直在网上找好看的教程，后来我磨磨蹭蹭妈妈就放弃我了然后就自己研究，我的手小，所以总是漏米，我只能包的很小，但是每一个我都尽力去把它包好看，嘻嘻，就是自己包的太慢。两个小时只包了12个，不过我家先生说已经很多了，嘻嘻，然后就停在了12个。弄完粽子，妈妈说把核桃在给他寄一点，然后妈妈砸，我剥，可能我手是真不能碰这些东西，剥完了手上过敏还起皮不过也是给他剥完了。去寄快递的时候，正好他给我买的东西也到了，是给我买的手表，他总说我要有块表，其实我不会认表（小学学表的时候，把书上表的图案全给剪了，小声BB）,哈哈，然后他买了我就只能学着认了。总觉得我家先生总是比我想的多，我的很多事也都是他处理，慢慢的两个人在一起，越来越觉得对方应该得到的是最好的东西，越来越觉得我家先生超温柔@劉先-sheng 就讲到这吧嘻嘻#异地军恋# [组图共4张] 原图 ",2020/5/16 20:18,6,0,7
J2dXG2Shq,义勇军-大灰狼和平,男,上海,3322,4057,义勇军-大灰狼和平:《特朗普准备恢复给世卫“供粮”：中国出多少我们就出多少》      博主点评：这还是美国吗?活脱脱是一个市井小瘪三！      正值美国疾控中心预测美国新冠死亡将在本月内破10万之际，一个月前宣布暂停对世界卫生组织出资的总统特朗普准备恢复对该组织的部分出资。      美国是世卫组织的最大出资国，仅每年缴纳的会费就占会员国会费总额的22%。      据福克斯新闻5月15日报道，该媒体获得了一份美国准备向世卫组织总干事谭德塞发出的信件草稿，草稿共五页长。      草稿用特朗普的口吻写道，虽然世卫组织存在不足，“但我相信世卫组织依然有巨大的潜力，希望看到世卫组织能发挥这种潜力，特别在现在全球面临危机的时刻”。      草稿称，这正是美国决定与世卫组织继续合作的原因。重启合作后，美国计划支付“与中国缴纳会费等额”的金额。       世卫组织的资金主要来自会员国的分摊会费以及自愿捐款。分摊会费是依照每个国家的人口和GDP决定，目前分摊会费仅占世卫组织资金的20%。       该组织2020-2021年度分摊会费比例报告显示，美国的会费占总会费的22%；中国为12.0058%，排名第二。      从2016年到2019年，美国每年的分摊会费均在1.1亿美元以上。而随着美国政府消减对外援助资金，在新冠疫情暴发之前，美国已经将世卫组织的会费减半。      在美国宣布对世卫组织断粮之前，2020-2021年度缴费通知单显示，美国今年和明年的会费已减至每年5788万美元。中国今明两年的会费约为每年2872万美元。      特朗普还在给谭德塞的致信草稿中称，如果中国增加对世卫组织出资，美国也将考虑增加出资。      近几年，中国已经增加了对世卫组织的会费出资。      2018-2019年度分摊会费比例报告显示，日本占比9.6802%，排名第二；中国7.9212%，排名第三；之后为德国的6.3892%。但在2020-2021年度的会费占比中，中国已经超过日本，上升至第二。      当新冠疫情在全球暴发之时，美国于上月宣布对世卫组织断粮。此事引发了包括联合国秘书长古特雷斯、美国医学协会、《柳叶刀》主编霍顿在内各界人士的谴责。众议院外交事务委员会还宣布对暂停资助世卫组织一事进行调查。      目前，美国各州正在重启经济，但累计确诊和死亡病例数量依然堪忧。      截至北京时间16日中午，美国累计新冠确诊超过144万，达1443188例，累计死亡87559例。      美国疾控中心主任雷德菲尔德周五晚在Twitter发文指出，疾控中心对12种不同模型预测进行了追踪，所有模型预测都显示，到6月1日，美国的累计死亡将超过10万例。 ,2020/5/16 20:17,0,0,0
J2dXxsXb2,南阳广播网,男,河南,203,49025,南阳广播网:【 “出彩河南人”十大年度人物揭晓！南阳女子上榜了！#高质量发展·南阳更出彩#】“出彩河南人”感动中原十大年度人物宣传推介活动是我省着力打造的人文精神公益品牌活动自2005年始，每年一届至今已举办十五届经过推荐、初评、公示投票和终评四个推介程序之后“出彩河南人”2019感动中原十大年度人物最终揭晓十位温暖人心的河南好人与一个模范群体获此殊荣(按姓氏笔画为序)王杜娟 女 41岁中铁工程装备集团有限公司总工程师2002年10月，中铁隧道集团盾构机研发项目组正式成立，王杜娟成为项目组18位成员之一。凭着“振兴民族工业”的梦想，她和团队从雪域高原到深海隧道，从冰封北疆到酷暑南国，足迹遍布全国40多个地铁建设城市，钻隧道、爬高坡、下井坑，攻克了多项世界性施工难题。经过不懈努力，2008年4月，王杜娟和同事们成功研制出我国第一台拥有自主知识产权的复合土压平衡盾构，其整机性能达到国际先进水平，多项关键技术达到国际领先水平，填补了我国在这一领域的空白，产品远销新加坡等十六个国家，实现了“中国中铁盾构机”冲出国门、走向世界的梦想。王杜娟先后荣获“河南省学术技术带头人” ，“中国中铁十大杰出青年” ，“河南省五一巾帼标兵” 等荣誉称号。申六兴 男 98岁新乡市离休干部作为一名1938年就参加革命的老党员，申六兴一辈子对党忠诚，心系人民，无私奉献。多年来，他多次向灾区捐款，捐资助学、济贫扶困，先后捐出工资、养老金等50多万元。2019年10月23日，申六兴在家人陪同下，将自己多年积蓄下来的15万元存折和组织发给他的2000元慰问金，作为特殊党费一起交给了党组织。老人动情地说：“现在国家还有一定的困难，扶贫攻坚到了关键时刻，我这一切都是党给的，交纳党费是‘取之于民、用之于民’，不能自己都占用了。明年就要全面建成小康社会了，我愿意与大家共同富裕，这是我的心愿，也是我的理想。”仵民宪 男 57岁三门峡市中心医院医生2001年起，仵民宪先后参加中国援厄立特里亚、赞比亚、埃塞俄比亚医疗队，在非洲工作生活11年，是我省援外时间最长、参援国家最多、影响力最大的医疗队员之一。11年里，他参与诊治病人4万人次，12次感染疟疾，5次艾滋病暴露，4次车祸惊险逃生，以无私奉献的职业精神赢得了当地人民的高度赞誉。他先后出版了《在十三个月的国度里》《我的非洲十年》等反映援外医疗的著作，后者被翻译成英文出版，还作为国家卫健委医疗队员出国培训资料，在国内和非洲产生了积极影响。2019年8月，仵民宪获得第三届全国“白求恩式好医生”称号。刘俊义 男 50岁周口市郸城县公路局驻马庄行政村第一书记2015年8月，刘俊义开始担任郸城县石槽镇马庄行政村第一书记。驻村以来，刘俊义白天走访、帮扶贫困户，处理村里的大小事;晚上填档案卡、完善资料，按要求上报信息。他筹资修路种树，带头改善农村人居环境，发展特色种植和日用品加工产业，带动贫困户在家门口实现就业。驻村4年，马庄村的贫困发生率由42%下降到1.31%，刘俊义却因劳累过度患上了尿毒症，组织要求他结束驻村、安心养病，但他依然选择坚守在驻村一线。豆雨霞 女 53岁河南爱馨养老服务集团创始人20年来，豆雨霞坚守养老一线，从一位普通农民成长为新型养老模式的探索者和实践者。她所创造的养老“五位一体、六大标准”的新型养老服务体系，引领更多养老从业者创业，使千千万万老人受益。从与媒体联合开展“寻找流浪母亲”行动开始，到2012年为社区居家养老每年向郑州市慈善总会捐赠近百万元，再到帮助百岁老兵恢复其中共党员身份的圆梦0行动……，豆雨霞近十多年来组织开展了“致敬抗战老兵”“关爱贫困失能老人”“让爱回家”等一系列的公益项目，让众多贫困家庭得到救助。李松辰 男 52岁郑州市新密市祥和街社区居委会党支部书记为了帮助群众脱贫，李松辰着力打造曾经是革命老区的田湾村，他积极践行“绿水青山就是金山银山”的理念，根植大山、实干创业，带领当地群众相继打造出伏羲大峡谷、三泉湖、红石林等4A景区，让数万亩荒山荒坡变成了生态之山、致富之山，带动12个自然行政村山区百姓2482户、7752人脱贫。同时建立新社区，将田湾村旧址改造成“中原豫西抗日纪念园”，使伏羲山成为全国首座个人出资建造的红色教育根据地，传承红色文化。李松辰先后荣获“河南省扶贫工作先进个人”、“郑州市优秀共产党员”等荣誉称号。张军 男 51岁焦作黄河河务局武陟第二黄河河务局高级工程师张军从1985年参加治黄以来，在基层一线坚持工作30余年，主要从事黄河、沁河防汛抢险，堤防工程维修养护及科技创新工作。他研制发明了多种减轻职工体力劳动、提高生产效率、增加经济收入的养护工具与生产设备，其中4项成果获得“实用新型专利证书”，14项成果被水利部及黄委会评为“科技进步奖”和“三新成果”，5项成果分获“河南省水利创新成果奖”、“河南黄河河务局科技进步奖”，被人力资源和社会保障部授牌成立(国家级)“张军技能大师工作室”。郑美玲 女 42岁郑州外国语学校教师2017年10月，带着家长的信任与外界的质疑，郑美玲接过了一个连续两任班主任请辞的年级垫底班。此时，她有罹患5期癌症的母亲、行走不便的父亲以及小升初的儿子要照顾;此时，距离中招考试仅剩7个月。可她，排除万难，摒弃杂念，运用小组管理激发内能、让成功看得见、育人先育心、同餐谈话等多管齐下的方式，带领这个曾经的垫底班级打造“中考神话”——全班体育满分率50%，三分之二以超650分的成绩考上全省排名第一的高中。从教22年，郑美玲的教学评估连续22年保持第一。她也曾毅然放弃管理岗职位只为当一名普通的教师。郑美玲先后获得全国五一巾帼标兵、2013河南省首批十大中原名师、2019年河南最美教师等荣誉。郭亚培 男 37岁平顶山郏县郭亚培小麦种植合作社理事长2003年，在外打工多年的郭亚培返乡创业，在郏县承包流转土地60亩，开始尝试通过种地致富。随后几年，他通过种植专业合作社的形式，逐步增加承包土地面积，2018年种植面积达2160亩，其中特色谷物1300多亩、富硒林果700余亩，走出了一条集特色种植、加工、贮藏、销售于一体的绿色、生态、健康农业新路。在自己致富的同时，郭亚培还通过免费提供优质种子、技术培训、和贫困户签订种植协议等方法，带动周边群众致富。郭亚培科技种田的故事，是河南“乡村振兴”伟大实践的一个缩影。游弋 男 50岁河南能源化工集团车集煤矿矿井维修电工从事煤炭工作20多年来，游弋始终坚持扎根一线，潜心钻研，带领团队先后获得多项国家专利，完成创新成果百余项，累计完成创新成果1600余项。他发明的钢丝绳全自动除尘装置的成功应用，填补了国内该领域的技术空白。2018年11月，作为农民工出身的矿井维修电工，游弋获得国家对技能人才的最高政府奖励“中华技能大奖”，是该项评选活动以来唯一获得该荣誉称号的煤炭行业工人。他还是全国煤炭行业技能大师，国务院政府特殊津贴专家。南阳市市政管理处“三八女子疏浚班”(集体)南阳市“三八”女子疏浚班成立于1997年，现由9位女性队员组成，负责南阳中心城区南部的10条主次干道、2894座窖井的掏挖疏浚工作。多年的工作经验积累，女子疏浚班对南阳排水设施情况了如指掌，她们提出的排水改造建议多次被设计部门采纳，不仅节约了经费，也为排水设施改造完善提供了宝贵的资料。22年来，这个疏浚班累计掏出了6万吨左右的污泥，能装600多节火车车厢；她们日日疏通着城市的地下主动脉，以实际行动诠释着忠于职守、爱岗敬业的精神，奏响一曲昂扬激越的巾帼赞歌。受疫情影响2019年度不再举办颁奖活动当选人物将在今年年底或明年年初与2020年度感动中原十大年度人物一并表彰感动中原十大年度人物事迹短片会在都市频道《都市报道》中陆续播出，请锁定河南广播电视台都市频道。 [组图共13张] 原图 ,2020/5/16 20:17,0,2,0
J2dXw2aU8,毛毛北海道日本生活,女,海外,706,499404,毛毛北海道日本生活:这次疫情也给我们敲响了警钟，以后家里、车上、办公室都要备一些应急防护用品，口罩，消毒湿巾之类的更是少不了，国光75%酒精消毒杀菌湿巾 75%乙醇配方 有效灭活细菌冠状病毒肆虐 国家卫健委高级别专家组成员李兰娟院士证实75%乙醇可以有效杀灭该病毒 大家出门难免会接触把手按钮等一类物品 使用该湿巾可有效杀灭病菌 方便便捷 一步到位 还可清洁各类物品42一包 ，良心国货   现货哦 注意：高浓度使用酒精，切勿接触明火，千万不要接近火源哦要的亲们可以复制评论下方淘口令至淘宝进行拍付哦 [组图共6张] 原图 ,2020/5/16 20:17,0,0,1
J2dWf4bIg,印尼千岛国际旅行社,女,海外,853,3087,印尼千岛国际旅行社:【 印尼总统：防疫也要保经济，商业部门逐渐重新开放】据印尼Kumparan新闻网5月15日报道，佐科维总统再次谈及，同新冠肺炎病毒“和平共处”的问题，希望居民在保持身体健康的同时，也要提高工作效率，避免感染病毒。这是开始群体免疫的节奏了么？对，当然。佐科维特别指出，如果疫情有所好转，餐饮业等多个行业可以重新运营。对，你没听错，关闭的商业部门可以逐渐重新开放，佐科维15日在一份声明中说道。佐科举了个例子，餐厅开业只能容纳满座人数的50%，椅子和桌子之间距离要隔开。然而，关于何时解封，何时放宽的问题，佐科维说，将根据新冠肺炎感染疫情曲线继续评估研究，将逐渐重新开放。对于逐步放宽这个问题，我们必须非常小心，决不能做出错误的决定。为此，我们首先要观察的是居民的现状，受裁员影响的状况以及没有收入居民的状况，佐科说。#印尼疫情# http://t.cn/RxeZOgb 显示地图 原图 ,2020/5/16 20:14,0,0,0
J2dVc3BnG,新浪赛车,男,北京,464,2267866,新浪赛车:#F1[超话]# 【需提前三个月决断 新加坡站缺席概率大】本周公布的一张2020赛季的初步赛历显示新加坡大奖赛“消失”了。原定9月20日的这场大奖赛目前被阿塞拜疆大奖赛取代。但这场大奖赛到底是推迟还是取消，官方并未给出说法。新加坡大奖赛的组织者对“赛车运动”表示，他们正在与F1官方就2020年赛事的主办问题进行“开放的对话”。理论上新加坡大奖赛可以被安排在俄罗斯、中国和日本大奖赛之间。一旦错失这个时间段，F1就无法再回到亚洲，因为十月份留给了美洲。“赛车运动”援引车队的消息来源称，今年的新加坡大奖赛不会举行。新加坡大奖赛最主要的问题是当地政府抗击疫情的各项限制令何时撤销是主办方无法预判的。作为一条街道赛，新加坡大奖赛需要足够的时间来完成大量基础设施的搭建，各方都等不起。“准备工作通常需要提前三个月时间，如果进行这场大奖赛，意味着我们必须判断政府将在三个月之后解除这些限制，”新加坡赛组织方的发言人对“赛车运动”表示，，“我们将继续密切关注事态进展，但我们最优先的任务仍然是保障所有人的安全。”（LR） 原图 ,2020/5/16 20:11,16,4,4
J2dUZny48,你才是没有感情的杀手,女,其他,753,1261,你才是没有感情的杀手:用海氏萌系Q1小烤箱做了好几次烧烤 非常完美[赞R]最喜欢吃烧烤了 疫情期间尽量少出门聚餐在家给自己做一顿香喷喷的烧烤吧😙烤箱烧烤的灵魂就是酱料！用料视频里我已经写了～想试试的宝贝可以截图！不局限于那些用料 还可以加其他调料烤箱180度三十分钟 香喷喷的烧烤就出炉了🤩 http://t.cn/A6AkHiTw ,2020/5/16 20:11,0,1,0
J2dzyin7j,TJ小港,女,四川,205,138,TJ小港:昨晚9点半早早睡了，凌晨四点过就醒了，十分钟简单早餐，牛油果🥑+芽菜小包子，这次疫情不出门的收获之一是蒸包子的手艺完全过关了。香槟的清晨有几分寒意，继续窝回床上，看巴金的小说《家》，巴金一直是我最喜欢的作家。张老师微信给我留言，快递给我的口罩和药品今天到，这是他第四次给我寄口罩了，我打了N次招呼，我的口罩实在太多了，不要再寄了，药也不需要。儿子说，等他寄吧，爸爸只有通过寄东西来缓解他的焦虑。回了几个客户的邮件，这几个月受疫情影响，海运空运都很慢，庆幸的是我们好多欧洲和美国老客户太好了，一点都没有抱怨，还让我们保重，注意安全。张老师为表感谢，分别给他们快件寄了好多口罩，谁曾想到，有一日口罩会作为紧俏的礼物而倍受欢迎。给手表⌚️充电，等一会儿跑步吧🏃。 ,2020/5/16 19:18,1,0,5
J2dsbrRaG,西乡塘区共青团,男,广西,383,3119,西乡塘区共青团:#南宁新闻#【提醒！5月15日起#南宁# 乘火车进京需“二次安检”，请提前进站】5月15日，记者从中国铁路南宁局集团有限公司了解到，自5月15日0时起至5月28日24时止，南宁站、南宁东站对所有乘坐进京列车的旅客进行二次安检，进京旅客最好能提前进站。据介绍，目前南宁站和南宁东站共有5趟开往北京的列车，其中包括2趟动车组列车。铁路部门的工作人员提醒，二次安检时，旅客的票、证、人不一致或者乘车日期、车次不符的，均不能进站，无票人员严禁进站乘车。在二次安检时，为了节省时间，旅客们随身携带的行李尽量化零为整，饮料、保温杯等各类瓶装、罐装液体提前拿在手上，配合安检人员快速完成查验。工作人员也建议，由于进京旅客到达车站后，需要经过进站测温、实名制验证、安检以及二次安检、二次测温等环节，为避免因排队耽误行程，旅客最好能提前90分钟到站乘车。在换乘方面，如果旅客需换乘去往北京方向的列车，最好选择换乘间隔大于60分钟的列车。此外，目前仍处于新冠肺炎疫情的防控期间，旅客进站乘车仍然需要佩戴好口罩，做好个人防护。#南宁[地点]# （来源:南国早报） [组图共2张] 原图 ,2020/5/16 19:00,5,0,3
J2dsatC1M,freshgirl_,女,浙江,79,1815836,freshgirl_:一口好牙真的真的非常重要！！ 你们知道的，之前我可是花了大几万，折腾了快两年才整了牙，现在这口牙简直像宝贝一样供着！ 来讲个最近在用的#美白牙膏#，Theramed护齿达美白立式牙膏！   直立式的设计，能完美避开跟牙刷一起挤在杯子里滋生的细菌，卫生又干净，摆在洗漱台上就感觉，豁，有dia子厉害！而且按一下出的量正好够我刷一次牙，用起来贼方便！你们也懂的，每次牙膏用到最后就再也挤不出来的揪心！！这款真是边角都给你顾到了～ 我用了大概一个月，一天认真刷两次，对比一下真的觉得牙齿有在变白！之前在办公室里，动不动我就喜欢来杯咖啡提神醒脑，一来二去牙齿就有点小泛黄，用了它之后，牙渍残留也少了，总算也给我扳回一局！仔细琢磨了下它的成分，T-Protect三重焕齿洁牙配方，就是逮着要你变白的同时，嚯嚯几下就能去除堆积牙垢，有效抑制牙斑菌的生成。咋说呢，欧洲进口的大牌子，真的可！而且味道也不错，像是含了块淡淡的薄荷片在嘴里，刷完牙齿滑滑的，清香女孩本孩辽！   同系列牙膏还有多效、清新、健齿、抗敏、亮白，把牙齿的方方面面都揽下了！因为200斤平时就会有些牙龈肿痛，护齿达的多效牙膏我也给收着了，不得不说在防止出血这方面它确实有一手！各位有需求的姐妹，盯着它们给我冲！   唠嗑这么久，福利不能给你们忘记！5月14日-6月3日，激情戳开屈臣氏官方商城，或者去屈臣氏线下门店任意消费，就能感受20元带走护齿达美白或多效立式牙膏的快乐！ 对了，现在去#微笑前行，美白见证#话题里，晒出你和牙膏的美腻合影，并传递的你微笑力量，还有机会抱走价值约800元的微笑礼包，有飞利浦电动牙刷和全套护齿达牙膏，足足8支！！   被封印在口罩里的这段时间，想对你们说，也要好好保护自己那一口大白牙，等疫情结束的那天，让我看看你们的灿烂笑容鸭～ [组图共9张] 原图 ,2020/5/16 19:00,2264,22,789
J2drUgJ2u,闲云战鹤,女,浙江,3085,409203,闲云战鹤:【专业对口！西安一高校有消防专业 校园消毒直接动用消防车】#西安一高校用消防车消毒校园# 5月14日，陕西西安。上午10点，西安海棠职业技术学院几名工作人员在给消防车加水和消毒液，通过消防车为学校公共区域消毒。据了解，该校有消防专业，学校专门配备了消防车。工作人员介绍，开学前整个学校公共区域每天消毒两次，整个学校消毒需要三车水。  #共战疫情#  http://t.cn/A6Ag0Cgr ,2020/5/16 18:59,0,0,0
J2drHfzfk,涵蕾h121101,女,山东,736,1244,涵蕾h121101:#杨紫公益紫[超话]##跟着杨紫做公益#🌻#阳光信用#  🌈国家反诈中心守护大使@杨紫 提醒您，疫情期间，不造谣不信谣不传谣！ 🌈中国消防宣传公益使者@杨紫 提醒您用火防火不失火，为国为家为你我！ 🌈和抗疫科普大使杨紫一起做好个人防护，安全出行🌈与禁食野生动物争做自律青年倡议人 @杨紫 一起倡议敬畏自然、敬畏生命！为中国加油！ 🌈和全国精神卫生宣传大使@杨紫 一起关注精神卫生，关爱精神疾病患者！🌈生命源自自然，绿色源自环保。和公益推广大使杨紫一起与环保同行，从点滴做起，共同守护美好家园🌈中国妇女发展基金会“母亲邮包”项目宣传大使@杨紫 呼吁您一起传递爱与善！ 🌈让我们一起创造声音，让我们和“益起唤醒小耳朵”爱心大使杨紫一起关注听障人群。🌈让我们和灵山图书馆计划公益大使杨紫一起，相信教育带来改变，圆更多贫困孩子的阅读梦。🌈和爱心大使杨紫一起助力“青春光明行，共筑军旅梦”！让贫困大学生实现他们的军营梦想！【zm  zmjj  颜色  zzl  qzx  ys cz 青簪行  余生】☀️#杨紫粉丝热心公益#☀️ ,2020/5/16 18:59,1,0,0
J2drCxC1w,青流视频,男,北京,1498,724930,青流视频:【以“艺”抗疫 北京艺术类院校疫情防控公开课今天开讲】5月16日上午，在中国戏曲学院报告厅里，教育部全国文化艺术教育教学指导委员会委员、中国戏曲学院党委副书记徐超正通过网络，为全国8所艺术院校、近万名师生授课。这堂名为《战疫逐梦，书写新时代青春华章》的课程，是北京市委教育工委指导、中国戏曲学院等八所高校联合主办的。各领域名师大家以“艺”抗疫，教育引导学生以社会主义核心价值观引领艺术创作。（北青报记者 武文娟 摄像 刘畅 编辑 郭茂勇）http://t.cn/A6AkNYLm ,2020/5/16 18:58,6,0,0
J2drwmbHf,东方今报,女,河南,1205,8288148,东方今报:【#孙春兰赴吉林市指导防疫工作#】中共中央政治局委员、国务院副总理孙春兰13日晚从黑龙江赶赴吉林，调研指导疫情防控工作。针对吉林近期发生的聚集性疫情，调研组指导督促吉林市建立扁平化高效的指挥体系，清晰思路、明确任务，加快排查、隔离、收治工作。指导制定流行病学调查技术规范，培训100多名专业技术人员，对市、区开展全面、深入的流调，运用大数据等技术手段，尽快甄别排查传染源头，追踪密切接触者，做到应隔尽隔。调派移动P3实验室，迅速提升核酸检测能力，扩大人群检测筛查范围，优先做好在院患者和密切接触者的检测，对入境人员、参与入境转运人员等重点人群做到应检尽检，落实“四早”要求。http://t.cn/A6Aki6Rc 原图 ,2020/5/16 18:58,4,0,1
J2drwmbDz,北京舌侧矫正李盼盼,女,北京,276,63795,北京舌侧矫正李盼盼:#北京牙齿矫正##北京牙套# 这个宝宝担心疫情出门给国家带来麻烦，在家乖乖的呆了5个月，年前拔了左侧的两颗牙齿🦷，现在才拔另一侧每个月我都会和她妈妈微信，什么时候来复诊，再不来我就要去家里找你啦竟然做梦都在催你来复诊所以，我的牙套君们，不管有多少人，你们每个人我都记得住哦，要乖乖复诊@斯迈尔齿科 http://t.cn/EoTHdhO 显示地图 [组图共4张] 原图 ,2020/5/16 18:58,0,0,1
J2druj006,全鹿城最靓的仔,男,浙江,354,85,全鹿城最靓的仔:#何亮辰[超话]#[米奇比心]#和豆哥分享做过最有意义的一件事#一个艺考的臭弟弟，过了清美初试（做梦没想到会能有资格去清华考试哈哈 之前考过画室总校区第一已经很惊讶了 我们画室还蛮吊的）今年高中毕业 因为疫情校考延期了 大概七月份复试 （其实感觉考上几率微乎其微哈哈）喊一句高三好困！ 我每天都有点昏昏沉沉哈哈加油吧 [组图共2张] 原图 ,2020/5/16 18:58,21,0,10
J2drgmWzY,UU青姐,女,北京,2687,3643,UU青姐:面对国内与日俱增的新冠疫情累计确诊人数和死亡人数，美国总统近日的状态似乎并不是很好，由此连着几天时间在公共场合闹出了许多洋相。为了避免改变疲于应对外界质疑的现状，美总统做出了一个新的决定——收回此前断供世卫组织援助资金的命令。美国媒体最新消息，一份从白宫流传出的文件显示美国总统同意了对世卫组织恢复部分援助，并承诺美国会与世卫组织继续合作抗击新冠疫情。不过文件内容虽然显示美国将恢复援助世卫组织，但同... http://t.cn/A6AkNp5T 原图 ,2020/5/16 18:57,3,0,0
J2drcxrHr,MJ-BOX美靚活力館,女,台湾,1226,1864,MJ-BOX美靚活力館:疫情將過去 夢想開始行快入手CP值最高行李箱陪你走千山萬水~#台灣趴趴走的行李箱#繞著地球跑的行李箱時尚旅行箱第一品牌MJ-BOX吃喝玩樂訊息不漏接 與眾不同MJBOX的line官方帳號請line搜尋 @mjbox   百貨專櫃<MJ-BOX>新光三越左營line商店http://t.cn/ExZzQ2JYouTube搜尋  mj-box#食尚玩家#莎莎#MJBOX#行李箱#旅行箱#旅遊 原图 ,2020/5/16 18:57,0,0,0
J2dr2am7E,价值投资日志,男,广东,1272,1484660,价值投资日志:5月13日，一家投资1000000元的意大利披萨店里，老板拿着大锤亲手砸碎了经营了30年的店面，在场的店员和记者都流泪了，老板却笑了！老板说：即使疫情结束店面也无法重启了，重启的花费远大于关店的费用，多么残酷的现实呀！实体店老板都应该能感同身受！意大利疫情总计确诊22万人，每百万人确诊3719人，确诊总人数是中国的2.5倍！中国在这场疫情中实体店大量消亡，更何况意大利呢，我们可以想象当地的实体生意会遭到多大的冲击！在#美国新冠肺炎确诊超143万#之际，意大利🇮🇹加油！ 原图 ,2020/5/16 18:57,37,11,13
J2dpLkIF3,大连校园,男,辽宁,1740,458589,大连校园:【快来瞧瞧，是给你们的信！#盖茨夫妇致辞疫情中毕业生#：就像二战后重建 你们将引领潮流】5月15日，比尔&梅琳达·盖茨夫妇在iHeartRadio全国毕业日特别播客中分享毕业致辞，并回答毕业生问题。他们谈到，疫情结束后，全球将进入一个类似于第二次世界大战后的重建时期，年轻人将在塑造社会新结构中获得机会。@老板联播http://t.cn/A6Akx0qe ,2020/5/16 18:54,1,0,0
J2doF6DS9,香含佳期,女,其他,263,12,香含佳期:抗议日记：2020年，真的是一个特殊又让人纠结的一年，先是开开心心的带着女儿回去看老妈，结果没想到刚到家的第二天，湖北武汉封城，这是全国开始抗疫，自己也提心吊胆的照顾着妈妈，怕自己和女儿在回家的路途中被病毒感染而牵连生病的妈妈和其他家人，就这样在家度过了一个紧张的春节，结果还好，一切正常，于是又开始启动回内蒙的计划 可是一次次被退票，天天关注着疫情发展，终于买到了回内蒙的票，经过了层层检查，过了层层关卡，终于回到内蒙，一回到内蒙，便开始被隔离的日子，被人看管着，不能出房门的感受真的很不好，总望向窗外，渴望去屋外呼吸一下自由的空气，于是每天接到无数个核实体温与情况的电话，就感到非常的郁闷，但是冷静下来后，一想到为了自己及别人的健康，还是要好好配合看守人员的工作，终于自己隔离期结束，可以正常上班了，于是自己也被派到小区门口进行值守，从被看管一下子转换了身份变成了看管人手，才真正体会到了防疫人员的不易，每天进进出出的居民很多，要每一个进行体温检测，还要对外来人进行登记，有的大爷大娘们很配合，而有的则有一种抵触的情绪，我能理解这种抵触情绪，因为我被隔离期间也会有这种感觉，所以无论居民什么反应，我都会接受，不会觉得气氛，因为这次疫情和我2003年在北京的经历不一样，因为这次我也成为能出一份力的工作人员，我很骄傲。只要大家都平安健康就好。 ,2020/5/16 18:51,0,0,0
J2do3ep4Z,北京青年报,男,北京,1478,13447158,北京青年报:【共济——全球疫情中国背锅？7分钟全视角给出答案】2020年2月底开始，新型冠状病毒肺炎疫情在全球蔓延，受影响的国家数量和病例数量持续增加。随着对新冠疫情的调查研究不断深入，多个国家的疫情发展时间线被改写出现疑似“零号病人”或疫情本地传播的时间点被大幅前推。全球疫情中国背锅？7分钟全视角给出答案。http://t.cn/A6AkmkyZ ,2020/5/16 18:50,107,41,13
J2dni0yDn,嘘不要说话ii,女,其他,117,207,嘘不要说话ii:你们周末都在干嘛鸭 我早上去做了核酸检测 回来过了个早 睡了个回笼觉 下午自己做了饭 看了最新一期向往的生活 真的巨搞笑！ 然后又看了wyz和yqh演的一个电影 也是很搞笑！现在不知道干嘛啦！ （其实还有很多正经事要做 但是并不想做）就这样会让我觉得自己很宅 因为我室友基本周末都不会在家 显得我自己好像很孤独的样子 现在回想了一下 也不知道疫情期间是怎么一个人度过那么多天的鸭 （可能没有对比就不会显得自己很孤独？） ,2020/5/16 18:48,0,1,2
J2dmo84bX,齐鲁晚报,女,山东,1646,11626631,齐鲁晚报:【受疫情影响，#澳航空公司破产空姐转行当矿工# 】据《每日邮报》报道，受新冠肺炎疫情影响，许多航空公司裁员。一名原本在维珍澳洲航空工作的空姐Sarah，也因此失业。她脱下高跟鞋改穿上了工人靴，转行去了矿场工作。Sarah称，新冠肺炎没有使矿业公司遭受严重的损失，除了传统采矿工作外，公司还聘了45名空姐，每天负责检测追踪所有工作人员的健康状况。#美飞行员在新加坡获刑#http://t.cn/A6AefFiQ via.@时间视频 ,2020/5/16 18:45,12,2,4
J2dm5ue5D,普洱-景东,男,云南,174,31218,普洱-景东:【综合消息：世卫组织称非洲疫情高峰或延缓出现 各国抗疫措施松紧不一】新华社哈博罗内5月15日电  综合新华社驻非洲地区记者报道：世界卫生组织非洲区域主管玛奇迪索·穆蒂14日表示，鉴于一些非洲国家采取了部分封锁、呼吁勤洗手及保持社交距离等有效防疫措施，非洲的新冠感染人数会比先前预计的要少，疫情高峰也会延缓出现。http://t.cn/A6AkC7fg ,2020/5/16 18:45,0,0,0
J2dld8AeA,新晚报,男,黑龙江,1335,3779200,新晚报:【卫健委：#5月新增本土确诊病例多来自聚集性疫情#】国家卫健委新闻发言人米锋：5月上半月，全国共报告新增本土确诊病例39例，无症状感染者194例，比4月下半月分别下降了46%和62%。但新增本土确诊病例多来自聚集性疫情，多地发现无症状感染者。要加强患者救治和流行病学调查，提高核酸检测能力，做好对无症状感染者的筛查复核和隔离管理，坚决防止疫情扩散蔓延。 （央视新闻）http://t.cn/A6Ak2K6x ,2020/5/16 18:43,0,0,0
J2dkXtVtt,咸宁广电,男,湖北,139,103725,咸宁广电:【咸宁中考政策有调整！】为切实做好我市2020年高中阶段学校招生考试工作，根据《省教育厅关于印发<湖北省推进高中阶段学校考试招生制度改革的实施意见>的通知》（鄂教幼高〔2017〕11号）精神，今日（5月16日），我市下发通知，对中考相关科目进行调整。【现九年级】◇ 2019年地理、生物、地方课程（合卷）以等级折算计分，满分20分。等级折算办法为：等级A比例为考生人数20%，折算为20分；等级B比例为考生人数40%，折算为16分；等级C比例为考生人数20%，折算为12分；等级D比例为考生人数20%，折算为8分（其中，未参加考试的计0分）。未参加我市2019年地理、生物、地方课程学业水平考试的要参加补考，参加补考学生在全市补课学生中依据等级折算计入中考总分。◆ 因受疫情影响，体育考试取消集中测试，由学校根据学生平时成绩综合评分（满分15分），报县（市、区）教育局体卫艺股审核后（市直学校报市教育局体卫艺科），由市教育局体卫艺科汇总交市教育招生考试院，成绩计入中考总分。◇ 理化生实验操作考试暂停一年，相关知识在相应文化科目考试中予以体现。【现八年级】◆ 因疫情影响，取消八年级2020年地理、生物、地方课程学业水平考试，2021年中考总分中不折算记分。 [组图共2张] 原图 ,2020/5/16 18:42,0,0,0
J2dkQoSyI,leslie火山,女,山东,279,7191,leslie火山:#山山来吃[超话]##❤︎山山来吃❤︎# 小火济南生活碎片🧩（全都是疫情期间吃的）p1-2是星巴克 疫情期间喝到第一口冰美我当时都要落泪啦 点的超大还加了双倍浓缩 p3-6是麦叔叔家 他家我最爱就是麦辣鸡翅 还有辣堡 但是这次点了巨无霸和麦香鱼 也很好吃[赞]p7-9 是汉堡王 高热量的东西它就是想就是好吃阿 汉堡王家的肉饼我比较喜欢 很实在的 [组图共9张] 原图 ,2020/5/16 18:42,1,0,2
J2dkMvY3j,吉吉嘉伍,男,北京,42,1170,吉吉嘉伍:#杨紫公益紫超话#跟着杨紫做公益#[心]#阳光信用#         国家反诈中心守护大使@杨紫 提醒您：        疫情期间，不造谣不信谣不传谣！         绿色生活方式公益推广大使@杨紫 呼吁大家绿色出行！         中国消防公益宣传使者@杨紫 提醒您用火防火不失火，为国为家为你我！         中国妇女发展基金会“母亲邮包”项目宣传大使@杨紫 呼吁您一起传递爱与善！ #中国消防宣传公益使者杨紫# yz#杨紫代言妮维雅# [组图共9张] 原图 ,2020/5/16 18:41,0,0,0
J2dkyD4Eg,西安电视台官方微博,男,陕西,2061,444702,西安电视台官方微博:【#孙春兰赴吉林市指导防疫工作#】中共中央政治局委员、国务院副总理孙春兰13日晚从黑龙江赶赴吉林，调研指导疫情防控工作。针对吉林近期发生的聚集性疫情，调研组指导督促吉林市建立扁平化高效的指挥体系，清晰思路、明确任务，加快排查、隔离、收治工作。   指导制定流行病学调查技术规范，培训100多名专业技术人员，对市、区开展全面、深入的流调，运用大数据等技术手段，尽快甄别排查传染源头，追踪密切接触者，做到应隔尽隔。   调派移动P3实验室，迅速提升核酸检测能力，扩大人群检测筛查范围，优先做好在院患者和密切接触者的检测，对入境人员、参与入境转运人员等重点人群做到应检尽检，落实“四早”要求。（人民日报） 原图 ,2020/5/16 18:41,1,1,0
J2dkpbK9V,中国铁路,女,北京,160,3709743,中国铁路:#疫情防控交通动态# 5月16日3时20分，伴随着长鸣的汽笛声，一列满载着灯具、3C类配套产品、生活用品等产品的中欧班列由赣州国际陆港驶向德国杜伊斯堡，班列上42车跨境电商货物，来自全国各地，有上百种品类。此次班列是赣州综试区首单跨境电商业务、首列跨境电商班列，标志着赣州综试区跨境电商业务常态化运营，赣南苏区进入了跨境电商发展新时代。 （图片：廖国胜）@南昌铁路 [组图共6张] 原图 ,2020/5/16 18:41,31,30,15
J2dk1dyug,吃貨在日本_掃蕩美食,男,海外,626,60013,吃貨在日本_掃蕩美食:#日本[超话]##海外抗疫日记##日本疫情# 【日本大分县市民开始适应解除紧急后的新生活】昨日夜间，大分县大分市的60名有志之士在3家餐厅开始体验紧急事态接触之后的“新生活样式”，大家戴着面罩举杯换盏，盖着手帕谈笑聊天，感受美好生活…害…编不下去了，你们自己看画面吧 http://t.cn/RD4KZQd http://t.cn/RD4KZQd 显示地图 [组图共5张] 原图 ,2020/5/16 18:40,10,1,2
J2djZqRI8,滨海时报,男,天津,720,554770,滨海时报:【“线上线下”就业小型招聘会 让居民家门口找工作】为缓解疫情防控期间复工复产引发的就业压力，助力辖区就业困难人员尽早就业，5月15日，大港街四化里社区在大港街党群服务中心的指导和支持下，联合共建单位农行港城支行、海河人才，邀请前光里、五方里等兄弟社区共同举办“线上线下”就业小型招聘会。此次招聘会的宗旨是为外来务工人员、因疫情失业人员、退役军人、下岗职工及高校毕业生搭建一个求职便利平台，方便社区各类求职群体就近实现就业。 [组图共4张] 原图 ,2020/5/16 18:40,0,0,0
J2djKD4WY,直通非洲,男,北京,103,2207132,直通非洲:【驻几内亚比绍大使就新冠肺炎疫情接受几比《民主报》专访】　　近日，驻几内亚比绍大使金红军就新冠肺炎疫情接受几比主流媒体《民主报》专访。　　关于中国抗疫成功的经验，金大使表示，中国是首个遭受新冠肺炎疫情冲击的国家，作为全球抗疫先锋，中国经过艰苦卓绝的努力并付出巨大代价和牺牲后，终于取得疫情防控重大战略成果。中国抗疫成功的原因可归结为以下几点：一是中国政府始终将人民生命安全和身体健康放在第一位，及时采取最全面、最严格、最彻底的防控措施，最大程度阻断病毒传播途径。二是中国人民万众一心，展现出高度的自觉性和负责任态度，坚决配合政府防疫措施。三是“全国一盘棋”，中国政府用最短时间在疫情中心湖北省武汉市新建两所医院和改造16所方舱医院，全国4.2万名医护人员驰援湖北省，医疗和生活物资也源源不断运往湖北省。四是中国政府始终保持信息透明，不仅每日向本国民众通报疫情数据，还及时同国际社会分享疫情信息和研究成果，为全球抗疫争取了宝贵“窗口期”。（来源：驻几内亚比绍使馆）http://t.cn/A6Ak9JDM [组图共2张] 原图 ,2020/5/16 18:39,1,0,0
J2djHsdLO,文案杀手畅畅,女,辽宁,243,45498,文案杀手畅畅:⬚❥让你的#朋友圈# 美味飘香#疫情# 这几个月，你的小吃店，还好吗？你祖传的手艺，十里八乡都知道，疫情期间……你的小店，酒香也怕巷子深呀，她和你一样，做小吃6年，疫情期间，只能在#朋友圈# 发#美食# 图片跟我徒弟学了杀手文案，#朋友圈# 一发出去，从下午开始#爆单# ，一直到晚上都忙不过来感觉自己的小店又红火起来了，如果，你也是做小吃的，也发愁不会线上生意，你可以找我聊聊#文案杀手[超话]##微信##朋友圈文案##微商##文案##创业# http://t.cn/RJyjtcN 显示地图 原图 ,2020/5/16 18:39,1,0,0
J2djurc12,汉江师范学院团委,男,湖北,401,4059,汉江师范学院团委:【由于疫情关系，#十三届全国人大三次会议3方面调整#】5月15日，全国人大外事委员会主任委员张业遂表示，今年十三届全国人大三次会议安排将作出以下调整：一是会期考虑适当缩短，具体议程、日程将分别由会前召开的预备会议、主席团第一次会议通过；二是邀请部分在京的中外记者采访会议，#不邀请境外记者临时来京采访#；三是新闻发布会、记者会、“代表通道”“部长通道”等采访活动将适当精简，创新形式，采用视频方式进行。@花骨朵201512@共青团中央@青春湖北@思考与行走@团中央学校部 原图 ,2020/5/16 18:38,1,0,0
J2dj3yzoj,沈阳政务,男,辽宁,61,16636,沈阳政务:【沈阳市医疗废物收运处置情况通报（110期）】　　沈阳市生态环境局认真落实省、市决策部署，制定过细管控措施，全力把住医疗废物接收、转运和无害化处置“三个关口”，盯住消毒、称重、焚烧“三大环节”，实行专点储存、专人负责、专车转运、专线运输、专时操作“五专”管理，全面加强医疗废物收运处置全链条、全过程监管和检查。目前，我市每天产生的医疗废物均由专用车辆收运至沈阳瀚洋环保实业有限公司进行安全、无害化处置。　　5月16日，全市医疗废物收运量为32.40吨，处置32.40吨。其中，涉及疫情医疗废物收运量290.00公斤，处置量290.00公斤。自2020年1月22日起，截至5月16日，我市医疗废物累计收运量为2649.79吨，处置2649.79吨；其中，涉及疫情医疗废物累计收运量33202.12公斤，累计处置量33202.12公斤。　　附件：沈阳市医疗废物收运处置统计表        沈阳市生态环境局       2020年5月16日 原图 ,2020/5/16 18:37,0,3,0
J2diYyyTX,长安里部,男,陕西,78,1,长安里部:一次疫情突然感到我们生活的方式是否不对？我们对生活是否需要有新的认识，人活着到底需要什么？也许我们不懂得放下，也许放下了才真正幸福。正如他为什么要出家，巴布亚人为什么不愿意离开自己的家园。可能他们才知道活着的真正意义。疫情期间不能出门，大家是否也体验到不同的快乐，也许这就是上天给我们一次正视自己生活的机会。 ,2020/5/16 18:37,1,0,0
J2diE97n1,央视财经,男,北京,587,36404035,央视财经:【说好24小时无休，它却歇业了…#北京多家全时关门#两年二次折戟，便利店生存法则生变？】号称“24小时全年无休”的连锁便利店品牌，全时便利店，近日发出一纸“停业函”，称其在北京的门店将于2020 年5 月20 日结束运营。不过，此条发布很快被删除，并在第二天将“结束运营”改为“进行经营调整”。记者走访中发现，还没到5月20日，北京地区不少全时便利店已经关门，有的门店上还重新贴上了出租信息。 据公开资料显示，全时便利店成立9年，在2017年它已经在北京拥有350家门店，占据北京市场份额第一。2019年6月，北京山海蓝图商业有限公司收购了全时便利店所有资产，目前在北京、天津等地拥有门店数量500家，员工2500人。全时到底怎么了？中国连锁经营协会副秘书长王洪涛认为，全时一方面有一些历史遗留问题，现在的山海蓝图是新接手的；再加上北京的市场竞争激烈，全时在第一任老板的时候选址房租相对要高，成本高；最后再加上疫情的影响，三重叠加导致现在的结果。 1992年，全球知名便利店品牌711首次进入中国市场，受外资便利店的启发，中国本土便利店品牌也迅速崛起。据中国连锁经营协会统计，受疫情影响，今年一季度，便利店行业整体销售同比下滑在10%-15%之间。专家也表示，便利店行业看似简单，但实际上有很高的门槛，既需要资金，也考验耐心。疫情过后，便利店行业不应该只是回到从前，而要从现金流管控能力、数字化能力等方面全面升级。  http://t.cn/A6AkHhVe ,2020/5/16 18:36,3994,353,397
J2dersJkc,y芳你,男,山东,499,1145,y芳你:【美媒：纽约无家可归者激增或提高感染风险】据美媒报道，与纽约市无家可归者服务部门合作的一家救助组织表示，当前疫情下，有超过32.5万户纽约家庭，大约100万人口，处于失业边缘。根据纽约市政府的估算，每天晚上都有约3500至4000名无家可归者露宿街头或在地铁里过夜。然而，对于政府用来安置无家可归者的收容所，很多人比较抵触。 #日行一善#  http://t.cn/A6Akhbcx ,2020/5/16 18:26,0,0,0
J2ddvABAj,昆明市官渡区法院,男,云南,480,2798,昆明市官渡区法院:【死亡人数超1.4万 #巴西建造垂直公墓安葬新冠死者#】据疫情实时数据显示，巴西新冠肺炎死亡人数达到14962例。为了安葬死者，圣保罗州在三座墓园上建造1.3万个垂直公墓。这些公墓所使用的材料都是旧塑料瓶、玻璃纤维和树脂，生产公司的董事长希伯·维拉表示：“这是一个特别安葬新冠死者的墓园，允许家人陪伴他们入葬。这种公墓是安全的，能防止到访者接触到气体或者液体，以及死者所携带的病毒。”http://t.cn/A6AkI6Ir ,2020/5/16 18:24,0,0,0
